experiment_key,lot_number,wafer_order,y_true,y_pred,residual,absolute_error,outer_fold,outer_test_lot,model_id,role,oof_occurrence,y_pred_std
2024-07-02_01,1,1,44.28899101123597,43.66683396749679,-0.622157043739179,0.622157043739179,1,1,dummy_mean,baseline,1,
2024-07-02_02,1,2,44.03888651685393,43.66683396749679,-0.37205254935713583,0.37205254935713583,1,1,dummy_mean,baseline,1,
2024-07-02_03,1,3,44.14962359550561,43.66683396749679,-0.48278962800881686,0.48278962800881686,1,1,dummy_mean,baseline,1,
2024-07-02_04,1,4,43.90529550561797,43.66683396749679,-0.23846153812117876,0.23846153812117876,1,1,dummy_mean,baseline,1,
2024-07-02_05,1,5,43.42659101123595,43.66683396749679,0.24024295626084324,0.24024295626084324,1,1,dummy_mean,baseline,1,
2024-07-02_06,1,6,43.58406404494382,43.66683396749679,0.08276992255296989,0.08276992255296989,1,1,dummy_mean,baseline,1,
2024-07-02_08,1,8,43.09692808988764,43.66683396749679,0.5699058776091519,0.5699058776091519,1,1,dummy_mean,baseline,1,
2024-07-02_09,1,9,43.339929213483146,43.66683396749679,0.32690475401364694,0.32690475401364694,1,1,dummy_mean,baseline,1,
2024-07-02_10,1,10,43.28435730337079,43.66683396749679,0.3824766641260027,0.3824766641260027,1,1,dummy_mean,baseline,1,
2024-07-05_01,2,1,44.20857078651685,43.685722784981266,-0.5228480015355856,0.5228480015355856,2,2,dummy_mean,baseline,1,
2024-07-05_02,2,2,44.20844943820225,43.685722784981266,-0.5227266532209853,0.5227266532209853,2,2,dummy_mean,baseline,1,
2024-07-05_03,2,3,43.95148597898877,43.685722784981266,-0.2657631940075049,0.2657631940075049,2,2,dummy_mean,baseline,1,
2024-07-05_04,2,4,43.42695056179775,43.685722784981266,0.258772223183513,0.258772223183513,2,2,dummy_mean,baseline,1,
2024-07-05_05,2,5,43.54600561797753,43.685722784981266,0.13971716700373804,0.13971716700373804,2,2,dummy_mean,baseline,1,
2024-07-05_06,2,6,43.416213483146066,43.685722784981266,0.2695093018351997,0.2695093018351997,2,2,dummy_mean,baseline,1,
2024-07-05_07,2,7,43.297787640449435,43.685722784981266,0.38793514453183064,0.38793514453183064,2,2,dummy_mean,baseline,1,
2024-07-05_08,2,8,42.96067191011235,43.685722784981266,0.7250508748689128,0.7250508748689128,2,2,dummy_mean,baseline,1,
2024-07-05_09,2,9,43.18773370786516,43.685722784981266,0.4979890771161024,0.4979890771161024,2,2,dummy_mean,baseline,1,
2024-07-05_10,2,10,43.10430337078652,43.685722784981266,0.5814194141947482,0.5814194141947482,2,2,dummy_mean,baseline,1,
2024-07-09_01,3,1,44.18354494382022,43.65609868077211,-0.5274462630481125,0.5274462630481125,3,3,dummy_mean,baseline,1,
2024-07-09_02,3,2,43.90555393258427,43.65609868077211,-0.249455251812158,0.249455251812158,3,3,dummy_mean,baseline,1,
2024-07-09_03,3,3,44.266009562584266,43.65609868077211,-0.609910881812155,0.609910881812155,3,3,dummy_mean,baseline,1,
2024-07-09_04,3,4,44.079486308876405,43.65609868077211,-0.42338762810429387,0.42338762810429387,3,3,dummy_mean,baseline,1,
2024-07-09_05,3,5,43.976832691348314,43.65609868077211,-0.3207340105762029,0.3207340105762029,3,3,dummy_mean,baseline,1,
2024-07-09_06,3,6,43.70646829337079,43.65609868077211,-0.050369612598679225,0.050369612598679225,3,3,dummy_mean,baseline,1,
2024-07-09_07,3,7,43.58551297651686,43.65609868077211,0.0705857042552509,0.0705857042552509,3,3,dummy_mean,baseline,1,
2024-07-09_08,3,8,43.504297164831456,43.65609868077211,0.1518015159406545,0.1518015159406545,3,3,dummy_mean,baseline,1,
2024-07-09_09,3,9,43.42807412224719,43.65609868077211,0.22802455852492187,0.22802455852492187,3,3,dummy_mean,baseline,1,
2024-07-09_10,3,10,42.98307262797753,43.65609868077211,0.673026052794583,0.673026052794583,3,3,dummy_mean,baseline,1,
2024-07-11_01,4,1,44.3063048264045,43.6603817052492,-0.6459231211552989,0.6459231211552989,4,4,dummy_mean,baseline,1,
2024-07-11_02,4,2,44.36490342820224,43.6603817052492,-0.7045217229530394,0.7045217229530394,4,4,dummy_mean,baseline,1,
2024-07-11_03,4,3,44.324505951348314,43.6603817052492,-0.6641242460991137,0.6641242460991137,4,4,dummy_mean,baseline,1,
2024-07-11_04,4,4,43.99857063640449,43.6603817052492,-0.3381889311552868,0.3381889311552868,4,4,dummy_mean,baseline,1,
2024-07-11_05,4,5,43.92957708887641,43.6603817052492,-0.2691953836272063,0.2691953836272063,4,4,dummy_mean,baseline,1,
2024-07-11_06,4,6,43.64391731,43.6603817052492,0.016464395249201402,0.016464395249201402,4,4,dummy_mean,baseline,1,
2024-07-11_07,4,7,43.214110956853936,43.6603817052492,0.44627074839526415,0.44627074839526415,4,4,dummy_mean,baseline,1,
2024-07-11_08,4,8,43.135930337078655,43.6603817052492,0.5244513681705456,0.5244513681705456,4,4,dummy_mean,baseline,1,
2024-07-11_09,4,9,42.94292808988765,43.6603817052492,0.7174536153615492,0.7174536153615492,4,4,dummy_mean,baseline,1,
2024-07-11_10,4,10,43.424028089887635,43.6603817052492,0.23635361536156552,0.23635361536156552,4,4,dummy_mean,baseline,1,
2024-07-19_01,5,1,44.31420112359551,43.69209964561222,-0.6221014779832927,0.6221014779832927,5,5,dummy_mean,baseline,1,
2024-07-19_02,5,2,43.712376404494385,43.69209964561222,-0.020276758882168622,0.020276758882168622,5,5,dummy_mean,baseline,1,
2024-07-19_03,5,3,43.8585011235955,43.69209964561222,-0.16640147798328542,0.16640147798328542,5,5,dummy_mean,baseline,1,
2024-07-19_04,5,4,43.35476853932584,43.69209964561222,0.33733110628637775,0.33733110628637775,5,5,dummy_mean,baseline,1,
2024-07-19_05,5,5,43.50141797752809,43.69209964561222,0.19068166808412457,0.19068166808412457,5,5,dummy_mean,baseline,1,
2024-07-19_06,5,6,43.371765168539326,43.69209964561222,0.3203344770728904,0.3203344770728904,5,5,dummy_mean,baseline,1,
2024-07-19_07,5,7,43.267224363932584,43.69209964561222,0.4248752816796326,0.4248752816796326,5,5,dummy_mean,baseline,1,
2024-07-19_08,5,8,43.17212696629214,43.69209964561222,0.5199726793200767,0.5199726793200767,5,5,dummy_mean,baseline,1,
2024-07-19_09,5,9,43.23376985662921,43.69209964561222,0.4583297889830078,0.4583297889830078,5,5,dummy_mean,baseline,1,
2024-07-19_10,5,10,43.02462584269663,43.69209964561222,0.6674738029155876,0.6674738029155876,5,5,dummy_mean,baseline,1,
2024-08-01_01,6,1,43.75222247191011,43.68229690657879,-0.06992556533131733,0.06992556533131733,6,6,dummy_mean,baseline,1,
2024-08-01_02,6,2,44.195029213483146,43.68229690657879,-0.5127323069043541,0.5127323069043541,6,6,dummy_mean,baseline,1,
2024-08-01_03,6,3,44.066997752808994,43.68229690657879,-0.38470084623020284,0.38470084623020284,6,6,dummy_mean,baseline,1,
2024-08-01_04,6,4,43.894617977528085,43.68229690657879,-0.21232107094929376,0.21232107094929376,6,6,dummy_mean,baseline,1,
2024-08-01_05,6,5,43.69129550561798,43.68229690657879,-0.008998599039188093,0.008998599039188093,6,6,dummy_mean,baseline,1,
2024-08-01_06,6,6,43.23118426966292,43.68229690657879,0.4511126369158731,0.4511126369158731,6,6,dummy_mean,baseline,1,
2024-08-01_07,6,7,42.97732808988764,43.68229690657879,0.7049688166911494,0.7049688166911494,6,6,dummy_mean,baseline,1,
2024-08-01_08,6,8,43.32931011235955,43.68229690657879,0.35298679421924106,0.35298679421924106,6,6,dummy_mean,baseline,1,
2024-08-01_09,6,9,43.23398539325842,43.68229690657879,0.44831151332036967,0.44831151332036967,6,6,dummy_mean,baseline,1,
2024-08-01_10,6,10,43.203420224719096,43.68229690657879,0.47887668185969545,0.47887668185969545,6,6,dummy_mean,baseline,1,
2024-08-05_01,7,1,43.83111460674157,43.664385999653334,-0.16672860708823833,0.16672860708823833,7,7,dummy_mean,baseline,1,
2024-08-05_02,7,2,44.11084831460675,43.664385999653334,-0.4464623149534148,0.4464623149534148,7,7,dummy_mean,baseline,1,
2024-08-05_03,7,3,43.689005617977536,43.664385999653334,-0.02461961832420201,0.02461961832420201,7,7,dummy_mean,baseline,1,
2024-08-05_04,7,4,43.76099325842696,43.664385999653334,-0.09660725877362353,0.09660725877362353,7,7,dummy_mean,baseline,1,
2024-08-05_05,7,5,43.55207865168539,43.664385999653334,0.11230734796794195,0.11230734796794195,7,7,dummy_mean,baseline,1,
2024-08-05_06,7,6,43.370857303370784,43.664385999653334,0.2935286962825501,0.2935286962825501,7,7,dummy_mean,baseline,1,
2024-08-07_01,8,1,43.74446306921348,43.6750791720412,-0.06938389717227977,0.06938389717227977,8,8,dummy_mean,baseline,1,
2024-08-07_02,8,2,43.89617752808989,43.6750791720412,-0.22109835604869232,0.22109835604869232,8,8,dummy_mean,baseline,1,
2024-08-07_03,8,3,43.71542808988764,43.6750791720412,-0.040348917846436905,0.040348917846436905,8,8,dummy_mean,baseline,1,
2024-08-07_04,8,4,43.83268764044944,43.6750791720412,-0.15760846840824172,0.15760846840824172,8,8,dummy_mean,baseline,1,
2024-08-07_05,8,5,43.646195505617975,43.6750791720412,0.028883666423226373,0.028883666423226373,8,8,dummy_mean,baseline,1,
2024-08-07_06,8,6,43.50728202247191,43.6750791720412,0.1677971495692887,0.1677971495692887,8,8,dummy_mean,baseline,1,
2024-08-07_07,8,7,43.40571685393258,43.6750791720412,0.26936231810861955,0.26936231810861955,8,8,dummy_mean,baseline,1,
2024-08-07_08,8,8,43.69908426966292,43.6750791720412,-0.024005097621717653,0.024005097621717653,8,8,dummy_mean,baseline,1,
2024-08-07_09,8,9,43.47381460674157,43.6750791720412,0.20126456529963122,0.20126456529963122,8,8,dummy_mean,baseline,1,
2024-08-07_10,8,10,43.21752471910112,43.6750791720412,0.4575544529400801,0.4575544529400801,8,8,dummy_mean,baseline,1,
2024-08-21_01,9,1,44.29168651685393,43.652259298175224,-0.6394272186787049,0.6394272186787049,9,9,dummy_mean,baseline,1,
2024-08-21_02,9,2,44.376304494382026,43.652259298175224,-0.7240451962068022,0.7240451962068022,9,9,dummy_mean,baseline,1,
2024-08-21_03,9,3,44.19888314606742,43.652259298175224,-0.5466238478921994,0.5466238478921994,9,9,dummy_mean,baseline,1,
2024-08-21_04,9,4,43.97901235955056,43.652259298175224,-0.3267530613753351,0.3267530613753351,9,9,dummy_mean,baseline,1,
2024-08-21_05,9,5,43.781948314606744,43.652259298175224,-0.1296890164315201,0.1296890164315201,9,9,dummy_mean,baseline,1,
2024-08-21_06,9,6,43.35196179775281,43.652259298175224,0.3002975004224169,0.3002975004224169,9,9,dummy_mean,baseline,1,
2024-08-21_07,9,7,43.514860674157305,43.652259298175224,0.13739862401791925,0.13739862401791925,9,9,dummy_mean,baseline,1,
2024-08-21_08,9,8,43.43098426966292,43.652259298175224,0.22127502851230219,0.22127502851230219,9,9,dummy_mean,baseline,1,
2024-08-21_10,9,10,43.34042359550562,43.652259298175224,0.3118357026696046,0.3118357026696046,9,9,dummy_mean,baseline,1,
2024-08-22_01,10,1,44.33709887640449,43.64799968727929,-0.6890991891252014,0.6890991891252014,10,10,dummy_mean,baseline,1,
2024-08-22_02,10,2,44.01008764044944,43.64799968727929,-0.3620879531701533,0.3620879531701533,10,10,dummy_mean,baseline,1,
2024-08-22_03,10,3,44.15319438202246,43.64799968727929,-0.5051946947431745,0.5051946947431745,10,10,dummy_mean,baseline,1,
2024-08-22_04,10,4,43.86219509404495,43.64799968727929,-0.2141954067656613,0.2141954067656613,10,10,dummy_mean,baseline,1,
2024-07-02_01,1,1,44.28899101123597,44.19520967569472,-0.09378133554125156,0.09378133554125156,1,1,context_ridge,context_ablation,1,
2024-07-02_02,1,2,44.03888651685393,44.07755841226448,0.038671895410551826,0.038671895410551826,1,1,context_ridge,context_ablation,1,
2024-07-02_03,1,3,44.14962359550561,43.95990714883425,-0.1897164466713619,0.1897164466713619,1,1,context_ridge,context_ablation,1,
2024-07-02_04,1,4,43.90529550561797,43.84225588540401,-0.06303962021396359,0.06303962021396359,1,1,context_ridge,context_ablation,1,
2024-07-02_05,1,5,43.42659101123595,43.72460462197377,0.2980136107378186,0.2980136107378186,1,1,context_ridge,context_ablation,1,
2024-07-02_06,1,6,43.58406404494382,43.60695335854353,0.022889313599705474,0.022889313599705474,1,1,context_ridge,context_ablation,1,
2024-07-02_08,1,8,43.09692808988764,43.37165083168305,0.2747227417954079,0.2747227417954079,1,1,context_ridge,context_ablation,1,
2024-07-02_09,1,9,43.339929213483146,43.25399956825281,-0.08592964523033686,0.08592964523033686,1,1,context_ridge,context_ablation,1,
2024-07-02_10,1,10,43.28435730337079,43.13634830482257,-0.14800899854822092,0.14800899854822092,1,1,context_ridge,context_ablation,1,
2024-07-05_01,2,1,44.20857078651685,44.23205320641783,0.023482419900979323,0.023482419900979323,2,2,context_ridge,context_ablation,1,
2024-07-05_02,2,2,44.20844943820225,44.11667206887914,-0.0917773693231112,0.0917773693231112,2,2,context_ridge,context_ablation,1,
2024-07-05_03,2,3,43.95148597898877,44.00129093134045,0.04980495235167837,0.04980495235167837,2,2,context_ridge,context_ablation,1,
2024-07-05_04,2,4,43.42695056179775,43.88590979380176,0.45895923200400546,0.45895923200400546,2,2,context_ridge,context_ablation,1,
2024-07-05_05,2,5,43.54600561797753,43.77052865626307,0.22452303828553966,0.22452303828553966,2,2,context_ridge,context_ablation,1,
2024-07-05_06,2,6,43.416213483146066,43.65514751872438,0.2389340355783105,0.2389340355783105,2,2,context_ridge,context_ablation,1,
2024-07-05_07,2,7,43.297787640449435,43.539766381185686,0.24197874073625059,0.24197874073625059,2,2,context_ridge,context_ablation,1,
2024-07-05_08,2,8,42.96067191011235,43.424385243646995,0.46371333353464195,0.46371333353464195,2,2,context_ridge,context_ablation,1,
2024-07-05_09,2,9,43.18773370786516,43.309004106108304,0.12127039824314068,0.12127039824314068,2,2,context_ridge,context_ablation,1,
2024-07-05_10,2,10,43.10430337078652,43.19362296856961,0.08931959778309562,0.08931959778309562,2,2,context_ridge,context_ablation,1,
2024-07-09_01,3,1,44.18354494382022,44.16067828361808,-0.022866660202140565,0.022866660202140565,3,3,context_ridge,context_ablation,1,
2024-07-09_02,3,2,43.90555393258427,44.054851132471214,0.149297199886945,0.149297199886945,3,3,context_ridge,context_ablation,1,
2024-07-09_03,3,3,44.266009562584266,43.949023981324345,-0.31698558125992093,0.31698558125992093,3,3,context_ridge,context_ablation,1,
2024-07-09_04,3,4,44.079486308876405,43.843196830177476,-0.2362894786989287,0.2362894786989287,3,3,context_ridge,context_ablation,1,
2024-07-09_05,3,5,43.976832691348314,43.73736967903061,-0.23946301231770661,0.23946301231770661,3,3,context_ridge,context_ablation,1,
2024-07-09_06,3,6,43.70646829337079,43.63154252788374,-0.07492576548705188,0.07492576548705188,3,3,context_ridge,context_ablation,1,
2024-07-09_07,3,7,43.58551297651686,43.52571537673687,-0.05979759977999066,0.05979759977999066,3,3,context_ridge,context_ablation,1,
2024-07-09_08,3,8,43.504297164831456,43.41988822559,-0.08440893924145598,0.08440893924145598,3,3,context_ridge,context_ablation,1,
2024-07-09_09,3,9,43.42807412224719,43.31406107444313,-0.11401304780405752,0.11401304780405752,3,3,context_ridge,context_ablation,1,
2024-07-09_10,3,10,42.98307262797753,43.20823392329626,0.22516129531873474,0.22516129531873474,3,3,context_ridge,context_ablation,1,
2024-07-11_01,4,1,44.3063048264045,43.995522763394646,-0.310782063009853,0.310782063009853,4,4,context_ridge,context_ablation,1,
2024-07-11_02,4,2,44.36490342820224,43.88277877402589,-0.48212465417635286,0.48212465417635286,4,4,context_ridge,context_ablation,1,
2024-07-11_03,4,3,44.324505951348314,43.77003478465713,-0.5544711666911866,0.5544711666911866,4,4,context_ridge,context_ablation,1,
2024-07-11_04,4,4,43.99857063640449,43.65729079528837,-0.3412798411161191,0.3412798411161191,4,4,context_ridge,context_ablation,1,
2024-07-11_05,4,5,43.92957708887641,43.54454680591961,-0.385030282956798,0.385030282956798,4,4,context_ridge,context_ablation,1,
2024-07-11_06,4,6,43.64391731,43.43180281655085,-0.21211449344914968,0.21211449344914968,4,4,context_ridge,context_ablation,1,
2024-07-11_07,4,7,43.214110956853936,43.31905882718209,0.10494787032815367,0.10494787032815367,4,4,context_ridge,context_ablation,1,
2024-07-11_08,4,8,43.135930337078655,43.20631483781333,0.07038450073467573,0.07038450073467573,4,4,context_ridge,context_ablation,1,
2024-07-11_09,4,9,42.94292808988765,43.09357084844457,0.1506427585569199,0.1506427585569199,4,4,context_ridge,context_ablation,1,
2024-07-11_10,4,10,43.424028089887635,42.98082685907581,-0.44320123081182317,0.44320123081182317,4,4,context_ridge,context_ablation,1,
2024-07-19_01,5,1,44.31420112359551,44.09931086915832,-0.21489025443718646,0.21489025443718646,5,5,context_ridge,context_ablation,1,
2024-07-19_02,5,2,43.712376404494385,43.99305628897191,0.28067988447752157,0.28067988447752157,5,5,context_ridge,context_ablation,1,
2024-07-19_03,5,3,43.8585011235955,43.886801708785484,0.028300585189981575,0.028300585189981575,5,5,context_ridge,context_ablation,1,
2024-07-19_04,5,4,43.35476853932584,43.78054712859907,0.42577858927322865,0.42577858927322865,5,5,context_ridge,context_ablation,1,
2024-07-19_05,5,5,43.50141797752809,43.67429254841265,0.17287457088455938,0.17287457088455938,5,5,context_ridge,context_ablation,1,
2024-07-19_06,5,6,43.371765168539326,43.568037968226236,0.19627279968690914,0.19627279968690914,5,5,context_ridge,context_ablation,1,
2024-07-19_07,5,7,43.267224363932584,43.46178338803982,0.19455902410723525,0.19455902410723525,5,5,context_ridge,context_ablation,1,
2024-07-19_08,5,8,43.17212696629214,43.3555288078534,0.18340184156126327,0.18340184156126327,5,5,context_ridge,context_ablation,1,
2024-07-19_09,5,9,43.23376985662921,43.24927422766698,0.015504371037771136,0.015504371037771136,5,5,context_ridge,context_ablation,1,
2024-07-19_10,5,10,43.02462584269663,43.143019647480564,0.1183938047839348,0.1183938047839348,5,5,context_ridge,context_ablation,1,
2024-08-01_01,6,1,43.75222247191011,44.25418629616421,0.5019638242540978,0.5019638242540978,6,6,context_ridge,context_ablation,1,
2024-08-01_02,6,2,44.195029213483146,44.14761165265853,-0.04741756082461279,0.04741756082461279,6,6,context_ridge,context_ablation,1,
2024-08-01_03,6,3,44.066997752808994,44.04103700915285,-0.025960743656142427,0.025960743656142427,6,6,context_ridge,context_ablation,1,
2024-08-01_04,6,4,43.894617977528085,43.93446236564717,0.03984438811908575,0.03984438811908575,6,6,context_ridge,context_ablation,1,
2024-08-01_05,6,5,43.69129550561798,43.8278877221415,0.1365922165235176,0.1365922165235176,6,6,context_ridge,context_ablation,1,
2024-08-01_06,6,6,43.23118426966292,43.721313078635816,0.4901288089728979,0.4901288089728979,6,6,context_ridge,context_ablation,1,
2024-08-01_07,6,7,42.97732808988764,43.61473843513014,0.6374103452425004,0.6374103452425004,6,6,context_ridge,context_ablation,1,
2024-08-01_08,6,8,43.32931011235955,43.50816379162446,0.17885367926491114,0.17885367926491114,6,6,context_ridge,context_ablation,1,
2024-08-01_09,6,9,43.23398539325842,43.40158914811878,0.16760375486035883,0.16760375486035883,6,6,context_ridge,context_ablation,1,
2024-08-01_10,6,10,43.203420224719096,43.29501450461311,0.09159427989401081,0.09159427989401081,6,6,context_ridge,context_ablation,1,
2024-08-05_01,7,1,43.83111460674157,44.190991749016575,0.35987714227500334,0.35987714227500334,7,7,context_ridge,context_ablation,1,
2024-08-05_02,7,2,44.11084831460675,44.06995326383725,-0.04089505076949962,0.04089505076949962,7,7,context_ridge,context_ablation,1,
2024-08-05_03,7,3,43.689005617977536,43.94891477865792,0.2599091606803867,0.2599091606803867,7,7,context_ridge,context_ablation,1,
2024-08-05_04,7,4,43.76099325842696,43.827876293478596,0.06688303505163873,0.06688303505163873,7,7,context_ridge,context_ablation,1,
2024-08-05_05,7,5,43.55207865168539,43.70683780829927,0.15475915661387774,0.15475915661387774,7,7,context_ridge,context_ablation,1,
2024-08-05_06,7,6,43.370857303370784,43.58579932311994,0.21494201974915939,0.21494201974915939,7,7,context_ridge,context_ablation,1,
2024-08-07_01,8,1,43.74446306921348,44.13897263236274,0.39450956314925634,0.39450956314925634,8,8,context_ridge,context_ablation,1,
2024-08-07_02,8,2,43.89617752808989,44.009844304102984,0.1136667760130905,0.1136667760130905,8,8,context_ridge,context_ablation,1,
2024-08-07_03,8,3,43.71542808988764,43.88071597584323,0.16528788595559263,0.16528788595559263,8,8,context_ridge,context_ablation,1,
2024-08-07_04,8,4,43.83268764044944,43.75158764758348,-0.08109999286596548,0.08109999286596548,8,8,context_ridge,context_ablation,1,
2024-08-07_05,8,5,43.646195505617975,43.622459319323724,-0.023736186294250672,0.023736186294250672,8,8,context_ridge,context_ablation,1,
2024-08-07_06,8,6,43.50728202247191,43.49333099106397,-0.013951031407941628,0.013951031407941628,8,8,context_ridge,context_ablation,1,
2024-08-07_07,8,7,43.40571685393258,43.36420266280422,-0.041514191128364075,0.041514191128364075,8,8,context_ridge,context_ablation,1,
2024-08-07_08,8,8,43.69908426966292,43.235074334544464,-0.46400993511845456,0.46400993511845456,8,8,context_ridge,context_ablation,1,
2024-08-07_09,8,9,43.47381460674157,43.10594600628471,-0.367868600456859,0.367868600456859,8,8,context_ridge,context_ablation,1,
2024-08-07_10,8,10,43.21752471910112,42.97681767802496,-0.24070704107616336,0.24070704107616336,8,8,context_ridge,context_ablation,1,
2024-08-21_01,9,1,44.29168651685393,44.15532315543235,-0.13636336142158,0.13636336142158,9,9,context_ridge,context_ablation,1,
2024-08-21_02,9,2,44.376304494382026,44.039019291243285,-0.337285203138741,0.337285203138741,9,9,context_ridge,context_ablation,1,
2024-08-21_03,9,3,44.19888314606742,43.922715427054214,-0.276167719013209,0.276167719013209,9,9,context_ridge,context_ablation,1,
2024-08-21_04,9,4,43.97901235955056,43.80641156286515,-0.1726007966854084,0.1726007966854084,9,9,context_ridge,context_ablation,1,
2024-08-21_05,9,5,43.781948314606744,43.69010769867608,-0.09184061593066417,0.09184061593066417,9,9,context_ridge,context_ablation,1,
2024-08-21_06,9,6,43.35196179775281,43.573803834487016,0.2218420367342091,0.2218420367342091,9,9,context_ridge,context_ablation,1,
2024-08-21_07,9,7,43.514860674157305,43.457499970297945,-0.05736070385935932,0.05736070385935932,9,9,context_ridge,context_ablation,1,
2024-08-21_08,9,8,43.43098426966292,43.34119610610888,-0.08978816355404007,0.08978816355404007,9,9,context_ridge,context_ablation,1,
2024-08-21_10,9,10,43.34042359550562,43.10858837773075,-0.23183521777487215,0.23183521777487215,9,9,context_ridge,context_ablation,1,
2024-08-22_01,10,1,44.33709887640449,44.05082910530195,-0.28626977110253904,0.28626977110253904,10,10,context_ridge,context_ablation,1,
2024-08-22_02,10,2,44.01008764044944,43.945698947520796,-0.06438869292864524,0.06438869292864524,10,10,context_ridge,context_ablation,1,
2024-08-22_03,10,3,44.15319438202246,43.840568789739635,-0.3126255922828278,0.3126255922828278,10,10,context_ridge,context_ablation,1,
2024-08-22_04,10,4,43.86219509404495,43.73543863195848,-0.12675646208646896,0.12675646208646896,10,10,context_ridge,context_ablation,1,
2024-07-02_01,1,1,44.28899101123597,44.22651047208595,-0.06248053915002316,0.06248053915002316,1,1,cycle_ridge,reference_model,1,
2024-07-02_02,1,2,44.03888651685393,44.06812036346471,0.029233846610779324,0.029233846610779324,1,1,cycle_ridge,reference_model,1,
2024-07-02_03,1,3,44.14962359550561,43.992431854079996,-0.15719174142561343,0.15719174142561343,1,1,cycle_ridge,reference_model,1,
2024-07-02_04,1,4,43.90529550561797,43.88640279017799,-0.018892715439982055,0.018892715439982055,1,1,cycle_ridge,reference_model,1,
2024-07-02_05,1,5,43.42659101123595,43.47258638768177,0.04599537644582341,0.04599537644582341,1,1,cycle_ridge,reference_model,1,
2024-07-02_06,1,6,43.58406404494382,43.66107528269466,0.07701123775083829,0.07701123775083829,1,1,cycle_ridge,reference_model,1,
2024-07-02_08,1,8,43.09692808988764,43.187917249030555,0.09098915914291439,0.09098915914291439,1,1,cycle_ridge,reference_model,1,
2024-07-02_09,1,9,43.339929213483146,43.34523832383688,0.005309110353735491,0.005309110353735491,1,1,cycle_ridge,reference_model,1,
2024-07-02_10,1,10,43.28435730337079,43.38652437452256,0.1021670711517686,0.1021670711517686,1,1,cycle_ridge,reference_model,1,
2024-07-05_01,2,1,44.20857078651685,44.237014205385435,0.028443418868583592,0.028443418868583592,2,2,cycle_ridge,reference_model,1,
2024-07-05_02,2,2,44.20844943820225,44.14082532254172,-0.06762411566052862,0.06762411566052862,2,2,cycle_ridge,reference_model,1,
2024-07-05_03,2,3,43.95148597898877,44.02693261668696,0.07544663769819238,0.07544663769819238,2,2,cycle_ridge,reference_model,1,
2024-07-05_04,2,4,43.42695056179775,43.62731268223054,0.20036212043278567,0.20036212043278567,2,2,cycle_ridge,reference_model,1,
2024-07-05_05,2,5,43.54600561797753,43.8237489829175,0.27774336493997254,0.27774336493997254,2,2,cycle_ridge,reference_model,1,
2024-07-05_06,2,6,43.416213483146066,43.50943906394094,0.09322558079487209,0.09322558079487209,2,2,cycle_ridge,reference_model,1,
2024-07-05_07,2,7,43.297787640449435,43.51062163614885,0.21283399569941253,0.21283399569941253,2,2,cycle_ridge,reference_model,1,
2024-07-05_08,2,8,42.96067191011235,43.268501804474546,0.3078298943621931,0.3078298943621931,2,2,cycle_ridge,reference_model,1,
2024-07-05_09,2,9,43.18773370786516,43.40671914396331,0.21898543609814425,0.21898543609814425,2,2,cycle_ridge,reference_model,1,
2024-07-05_10,2,10,43.10430337078652,43.400367929607945,0.2960645588214277,0.2960645588214277,2,2,cycle_ridge,reference_model,1,
2024-07-09_01,3,1,44.18354494382022,44.19757760874024,0.014032664920016202,0.014032664920016202,3,3,cycle_ridge,reference_model,1,
2024-07-09_02,3,2,43.90555393258427,43.91711952089578,0.011565588311512442,0.011565588311512442,3,3,cycle_ridge,reference_model,1,
2024-07-09_03,3,3,44.266009562584266,43.97254077203791,-0.2934687905463562,0.2934687905463562,3,3,cycle_ridge,reference_model,1,
2024-07-09_04,3,4,44.079486308876405,43.85595902133241,-0.22352728754399465,0.22352728754399465,3,3,cycle_ridge,reference_model,1,
2024-07-09_05,3,5,43.976832691348314,43.904315605862884,-0.07251708548542979,0.07251708548542979,3,3,cycle_ridge,reference_model,1,
2024-07-09_06,3,6,43.70646829337079,43.482954494688556,-0.22351379868223376,0.22351379868223376,3,3,cycle_ridge,reference_model,1,
2024-07-09_07,3,7,43.58551297651686,43.512258507249115,-0.07325446926774504,0.07325446926774504,3,3,cycle_ridge,reference_model,1,
2024-07-09_08,3,8,43.504297164831456,43.45555780271956,-0.048739362111895446,0.048739362111895446,3,3,cycle_ridge,reference_model,1,
2024-07-09_09,3,9,43.42807412224719,43.24759417522746,-0.1804799470197267,0.1804799470197267,3,3,cycle_ridge,reference_model,1,
2024-07-09_10,3,10,42.98307262797753,43.076604701771736,0.0935320737942078,0.0935320737942078,3,3,cycle_ridge,reference_model,1,
2024-07-11_01,4,1,44.3063048264045,44.0939713567932,-0.21233346961130195,0.21233346961130195,4,4,cycle_ridge,reference_model,1,
2024-07-11_02,4,2,44.36490342820224,44.18981526305776,-0.17508816514448,0.17508816514448,4,4,cycle_ridge,reference_model,1,
2024-07-11_03,4,3,44.324505951348314,44.26123707420151,-0.06326887714680396,0.06326887714680396,4,4,cycle_ridge,reference_model,1,
2024-07-11_04,4,4,43.99857063640449,43.825213260692884,-0.17335737571160337,0.17335737571160337,4,4,cycle_ridge,reference_model,1,
2024-07-11_05,4,5,43.92957708887641,43.996972049041325,0.06739496016491842,0.06739496016491842,4,4,cycle_ridge,reference_model,1,
2024-07-11_06,4,6,43.64391731,43.57403625434402,-0.06988105565597635,0.06988105565597635,4,4,cycle_ridge,reference_model,1,
2024-07-11_07,4,7,43.214110956853936,43.0573660233148,-0.15674493353913732,0.15674493353913732,4,4,cycle_ridge,reference_model,1,
2024-07-11_08,4,8,43.135930337078655,42.93338832051451,-0.20254201656414494,0.20254201656414494,4,4,cycle_ridge,reference_model,1,
2024-07-11_09,4,9,42.94292808988765,42.93434134153767,-0.008586748349983964,0.008586748349983964,4,4,cycle_ridge,reference_model,1,
2024-07-11_10,4,10,43.424028089887635,43.25339218560729,-0.17063590428034558,0.17063590428034558,4,4,cycle_ridge,reference_model,1,
2024-07-19_01,5,1,44.31420112359551,44.36218419496062,0.04798307136510971,0.04798307136510971,5,5,cycle_ridge,reference_model,1,
2024-07-19_02,5,2,43.712376404494385,43.4821483818944,-0.23022802259998798,0.23022802259998798,5,5,cycle_ridge,reference_model,1,
2024-07-19_03,5,3,43.8585011235955,43.844949102357155,-0.013552021238346867,0.013552021238346867,5,5,cycle_ridge,reference_model,1,
2024-07-19_04,5,4,43.35476853932584,43.48455830647908,0.1297897671532411,0.1297897671532411,5,5,cycle_ridge,reference_model,1,
2024-07-19_05,5,5,43.50141797752809,43.407397078108,-0.0940208994200944,0.0940208994200944,5,5,cycle_ridge,reference_model,1,
2024-07-19_06,5,6,43.371765168539326,43.58042494117648,0.20865977263715507,0.20865977263715507,5,5,cycle_ridge,reference_model,1,
2024-07-19_07,5,7,43.267224363932584,43.475778452143686,0.20855408821110188,0.20855408821110188,5,5,cycle_ridge,reference_model,1,
2024-07-19_08,5,8,43.17212696629214,43.27169032738081,0.09956336108866992,0.09956336108866992,5,5,cycle_ridge,reference_model,1,
2024-07-19_09,5,9,43.23376985662921,43.26504330961535,0.03127345298614159,0.03127345298614159,5,5,cycle_ridge,reference_model,1,
2024-07-19_10,5,10,43.02462584269663,43.08177714191212,0.05715129921549078,0.05715129921549078,5,5,cycle_ridge,reference_model,1,
2024-08-01_01,6,1,43.75222247191011,43.973654114143564,0.2214316422334548,0.2214316422334548,6,6,cycle_ridge,reference_model,1,
2024-08-01_02,6,2,44.195029213483146,44.159788025870384,-0.03524118761276185,0.03524118761276185,6,6,cycle_ridge,reference_model,1,
2024-08-01_03,6,3,44.066997752808994,44.27541478951107,0.20841703670207323,0.20841703670207323,6,6,cycle_ridge,reference_model,1,
2024-08-01_04,6,4,43.894617977528085,44.13041198016269,0.2357940026346057,0.2357940026346057,6,6,cycle_ridge,reference_model,1,
2024-08-01_05,6,5,43.69129550561798,43.899926855369735,0.20863134975175512,0.20863134975175512,6,6,cycle_ridge,reference_model,1,
2024-08-01_06,6,6,43.23118426966292,43.338887011902166,0.10770274223924758,0.10770274223924758,6,6,cycle_ridge,reference_model,1,
2024-08-01_07,6,7,42.97732808988764,43.15932911646348,0.18200102657583983,0.18200102657583983,6,6,cycle_ridge,reference_model,1,
2024-08-01_08,6,8,43.32931011235955,43.471830507555524,0.14252039519597304,0.14252039519597304,6,6,cycle_ridge,reference_model,1,
2024-08-01_09,6,9,43.23398539325842,43.17719450368653,-0.05679088957189293,0.05679088957189293,6,6,cycle_ridge,reference_model,1,
2024-08-01_10,6,10,43.203420224719096,43.31248429788904,0.1090640731699466,0.1090640731699466,6,6,cycle_ridge,reference_model,1,
2024-08-05_01,7,1,43.83111460674157,43.977239194163865,0.1461245874222925,0.1461245874222925,7,7,cycle_ridge,reference_model,1,
2024-08-05_02,7,2,44.11084831460675,44.27498220368505,0.1641338890783004,0.1641338890783004,7,7,cycle_ridge,reference_model,1,
2024-08-05_03,7,3,43.689005617977536,43.573361887817065,-0.11564373016047114,0.11564373016047114,7,7,cycle_ridge,reference_model,1,
2024-08-05_04,7,4,43.76099325842696,43.558629735272554,-0.20236352315440342,0.20236352315440342,7,7,cycle_ridge,reference_model,1,
2024-08-05_05,7,5,43.55207865168539,43.53172117743221,-0.02035747425318135,0.02035747425318135,7,7,cycle_ridge,reference_model,1,
2024-08-05_06,7,6,43.370857303370784,43.38302560769268,0.012168304321896528,0.012168304321896528,7,7,cycle_ridge,reference_model,1,
2024-08-07_01,8,1,43.74446306921348,43.910388154435374,0.1659250852218932,0.1659250852218932,8,8,cycle_ridge,reference_model,1,
2024-08-07_02,8,2,43.89617752808989,43.981742635404295,0.0855651073144017,0.0855651073144017,8,8,cycle_ridge,reference_model,1,
2024-08-07_03,8,3,43.71542808988764,43.806803686400876,0.09137559651323812,0.09137559651323812,8,8,cycle_ridge,reference_model,1,
2024-08-07_04,8,4,43.83268764044944,43.798072141263404,-0.03461549918603879,0.03461549918603879,8,8,cycle_ridge,reference_model,1,
2024-08-07_05,8,5,43.646195505617975,43.69571872593511,0.049523220317134076,0.049523220317134076,8,8,cycle_ridge,reference_model,1,
2024-08-07_06,8,6,43.50728202247191,43.59784825663553,0.09056623416361731,0.09056623416361731,8,8,cycle_ridge,reference_model,1,
2024-08-07_07,8,7,43.40571685393258,43.5080630805947,0.1023462266621209,0.1023462266621209,8,8,cycle_ridge,reference_model,1,
2024-08-07_08,8,8,43.69908426966292,43.88334049169186,0.18425622202894232,0.18425622202894232,8,8,cycle_ridge,reference_model,1,
2024-08-07_09,8,9,43.47381460674157,43.8483417581319,0.3745271513903319,0.3745271513903319,8,8,cycle_ridge,reference_model,1,
2024-08-07_10,8,10,43.21752471910112,43.701540019440955,0.4840153003398342,0.4840153003398342,8,8,cycle_ridge,reference_model,1,
2024-08-21_01,9,1,44.29168651685393,44.28207796544456,-0.009608551409371557,0.009608551409371557,9,9,cycle_ridge,reference_model,1,
2024-08-21_02,9,2,44.376304494382026,44.37728405297197,0.0009795585899468051,0.0009795585899468051,9,9,cycle_ridge,reference_model,1,
2024-08-21_03,9,3,44.19888314606742,44.1101658856506,-0.08871726041682138,0.08871726041682138,9,9,cycle_ridge,reference_model,1,
2024-08-21_04,9,4,43.97901235955056,44.0761771885157,0.09716482896514123,0.09716482896514123,9,9,cycle_ridge,reference_model,1,
2024-08-21_05,9,5,43.781948314606744,43.71534094519174,-0.06660736941500289,0.06660736941500289,9,9,cycle_ridge,reference_model,1,
2024-08-21_06,9,6,43.35196179775281,43.41727294993039,0.06531115217758554,0.06531115217758554,9,9,cycle_ridge,reference_model,1,
2024-08-21_07,9,7,43.514860674157305,43.518413747804374,0.003553073647069027,0.003553073647069027,9,9,cycle_ridge,reference_model,1,
2024-08-21_08,9,8,43.43098426966292,43.43716597501007,0.006181705347145794,0.006181705347145794,9,9,cycle_ridge,reference_model,1,
2024-08-21_10,9,10,43.34042359550562,43.43925584726639,0.09883225176076849,0.09883225176076849,9,9,cycle_ridge,reference_model,1,
2024-08-22_01,10,1,44.33709887640449,44.28562567134021,-0.05147320506427633,0.05147320506427633,10,10,cycle_ridge,reference_model,1,
2024-08-22_02,10,2,44.01008764044944,43.703836706219825,-0.3062509342296167,0.3062509342296167,10,10,cycle_ridge,reference_model,1,
2024-08-22_03,10,3,44.15319438202246,43.95956816065196,-0.19362622137050067,0.19362622137050067,10,10,cycle_ridge,reference_model,1,
2024-08-22_04,10,4,43.86219509404495,43.79541491771372,-0.06678017633122835,0.06678017633122835,10,10,cycle_ridge,reference_model,1,
2024-07-02_01,1,1,44.28899101123597,44.2658437495752,-0.023147261660774632,0.023147261660774632,1,1,pls,model_comparison,1,
2024-07-02_02,1,2,44.03888651685393,44.1125277265574,0.07364120970347443,0.07364120970347443,1,1,pls,model_comparison,1,
2024-07-02_03,1,3,44.14962359550561,44.063848020328315,-0.08577557517729417,0.08577557517729417,1,1,pls,model_comparison,1,
2024-07-02_04,1,4,43.90529550561797,43.93698605913822,0.03169055352024941,0.03169055352024941,1,1,pls,model_comparison,1,
2024-07-02_05,1,5,43.42659101123595,43.399076427482214,-0.027514583753735167,0.027514583753735167,1,1,pls,model_comparison,1,
2024-07-02_06,1,6,43.58406404494382,43.65681078773707,0.07274674279324955,0.07274674279324955,1,1,pls,model_comparison,1,
2024-07-02_08,1,8,43.09692808988764,43.030918844628275,-0.06600924525936591,0.06600924525936591,1,1,pls,model_comparison,1,
2024-07-02_09,1,9,43.339929213483146,43.26171025916116,-0.07821895432198289,0.07821895432198289,1,1,pls,model_comparison,1,
2024-07-02_10,1,10,43.28435730337079,43.301635048823535,0.017277745452744853,0.017277745452744853,1,1,pls,model_comparison,1,
2024-07-05_01,2,1,44.20857078651685,44.25042220279748,0.04185141628062894,0.04185141628062894,2,2,pls,model_comparison,1,
2024-07-05_02,2,2,44.20844943820225,44.151840379277516,-0.05660905892473522,0.05660905892473522,2,2,pls,model_comparison,1,
2024-07-05_03,2,3,43.95148597898877,44.001845671678225,0.050359692689454505,0.050359692689454505,2,2,pls,model_comparison,1,
2024-07-05_04,2,4,43.42695056179775,43.5821588699959,0.1552083081981479,0.1552083081981479,2,2,pls,model_comparison,1,
2024-07-05_05,2,5,43.54600561797753,43.84288191481514,0.29687629683760974,0.29687629683760974,2,2,pls,model_comparison,1,
2024-07-05_06,2,6,43.416213483146066,43.48966937084241,0.07345588769634048,0.07345588769634048,2,2,pls,model_comparison,1,
2024-07-05_07,2,7,43.297787640449435,43.48254748687102,0.18475984642158494,0.18475984642158494,2,2,pls,model_comparison,1,
2024-07-05_08,2,8,42.96067191011235,43.228590401350054,0.26791849123770106,0.26791849123770106,2,2,pls,model_comparison,1,
2024-07-05_09,2,9,43.18773370786516,43.4230415291373,0.23530782127213712,0.23530782127213712,2,2,pls,model_comparison,1,
2024-07-05_10,2,10,43.10430337078652,43.389915900264654,0.2856125294781364,0.2856125294781364,2,2,pls,model_comparison,1,
2024-07-09_01,3,1,44.18354494382022,44.21759215298931,0.03404720916908843,0.03404720916908843,3,3,pls,model_comparison,1,
2024-07-09_02,3,2,43.90555393258427,43.966794517185754,0.06124058460148518,0.06124058460148518,3,3,pls,model_comparison,1,
2024-07-09_03,3,3,44.266009562584266,44.0592934241338,-0.2067161384504672,0.2067161384504672,3,3,pls,model_comparison,1,
2024-07-09_04,3,4,44.079486308876405,43.90245011250691,-0.17703619636949242,0.17703619636949242,3,3,pls,model_comparison,1,
2024-07-09_05,3,5,43.976832691348314,43.95908738668123,-0.017745304667080575,0.017745304667080575,3,3,pls,model_comparison,1,
2024-07-09_06,3,6,43.70646829337079,43.568358380800795,-0.13810991256999472,0.13810991256999472,3,3,pls,model_comparison,1,
2024-07-09_07,3,7,43.58551297651686,43.49594527580386,-0.08956770071299758,0.08956770071299758,3,3,pls,model_comparison,1,
2024-07-09_08,3,8,43.504297164831456,43.5388548062835,0.03455764145204654,0.03455764145204654,3,3,pls,model_comparison,1,
2024-07-09_09,3,9,43.42807412224719,43.31739061016816,-0.11068351207902793,0.11068351207902793,3,3,pls,model_comparison,1,
2024-07-09_10,3,10,42.98307262797753,43.108045538872915,0.1249729108953872,0.1249729108953872,3,3,pls,model_comparison,1,
2024-07-11_01,4,1,44.3063048264045,44.10568462872206,-0.20062019768244,0.20062019768244,4,4,pls,model_comparison,1,
2024-07-11_02,4,2,44.36490342820224,44.174503465517965,-0.19039996268427473,0.19039996268427473,4,4,pls,model_comparison,1,
2024-07-11_03,4,3,44.324505951348314,44.29317544674094,-0.031330504607375076,0.031330504607375076,4,4,pls,model_comparison,1,
2024-07-11_04,4,4,43.99857063640449,43.86877361842223,-0.12979701798225562,0.12979701798225562,4,4,pls,model_comparison,1,
2024-07-11_05,4,5,43.92957708887641,44.0297786354153,0.1002015465388908,0.1002015465388908,4,4,pls,model_comparison,1,
2024-07-11_06,4,6,43.64391731,43.556511105896625,-0.08740620410337385,0.08740620410337385,4,4,pls,model_comparison,1,
2024-07-11_07,4,7,43.214110956853936,43.054610212339725,-0.1595007445142116,0.1595007445142116,4,4,pls,model_comparison,1,
2024-07-11_08,4,8,43.135930337078655,42.90351586586072,-0.23241447121793612,0.23241447121793612,4,4,pls,model_comparison,1,
2024-07-11_09,4,9,42.94292808988765,42.93790631577251,-0.005021774115142819,0.005021774115142819,4,4,pls,model_comparison,1,
2024-07-11_10,4,10,43.424028089887635,43.26753722011002,-0.15649086977761328,0.15649086977761328,4,4,pls,model_comparison,1,
2024-07-19_01,5,1,44.31420112359551,44.33619457142337,0.02199344782786028,0.02199344782786028,5,5,pls,model_comparison,1,
2024-07-19_02,5,2,43.712376404494385,43.45505989788472,-0.2573165066096621,0.2573165066096621,5,5,pls,model_comparison,1,
2024-07-19_03,5,3,43.8585011235955,43.87797406939975,0.019472945804245967,0.019472945804245967,5,5,pls,model_comparison,1,
2024-07-19_04,5,4,43.35476853932584,43.481415167835806,0.12664662850996677,0.12664662850996677,5,5,pls,model_comparison,1,
2024-07-19_05,5,5,43.50141797752809,43.36743866246119,-0.13397931506690242,0.13397931506690242,5,5,pls,model_comparison,1,
2024-07-19_06,5,6,43.371765168539326,43.552767442802654,0.18100227426332793,0.18100227426332793,5,5,pls,model_comparison,1,
2024-07-19_07,5,7,43.267224363932584,43.502731883160244,0.2355075192276601,0.2355075192276601,5,5,pls,model_comparison,1,
2024-07-19_08,5,8,43.17212696629214,43.25073342634466,0.07860646005251937,0.07860646005251937,5,5,pls,model_comparison,1,
2024-07-19_09,5,9,43.23376985662921,43.284317157698055,0.050547301068846195,0.050547301068846195,5,5,pls,model_comparison,1,
2024-07-19_10,5,10,43.02462584269663,43.11148910396439,0.08686326126775867,0.08686326126775867,5,5,pls,model_comparison,1,
2024-08-01_01,6,1,43.75222247191011,43.987088350027356,0.23486587811724746,0.23486587811724746,6,6,pls,model_comparison,1,
2024-08-01_02,6,2,44.195029213483146,44.163365460809,-0.03166375267414878,0.03166375267414878,6,6,pls,model_comparison,1,
2024-08-01_03,6,3,44.066997752808994,43.99680049062983,-0.070197262179164,0.070197262179164,6,6,pls,model_comparison,1,
2024-08-01_04,6,4,43.894617977528085,43.847797971997835,-0.04682000553025034,0.04682000553025034,6,6,pls,model_comparison,1,
2024-08-01_05,6,5,43.69129550561798,43.6407918184495,-0.050503687168479416,0.050503687168479416,6,6,pls,model_comparison,1,
2024-08-01_06,6,6,43.23118426966292,43.28829022007152,0.057105950408598005,0.057105950408598005,6,6,pls,model_comparison,1,
2024-08-01_07,6,7,42.97732808988764,43.202209429593715,0.22488133970607294,0.22488133970607294,6,6,pls,model_comparison,1,
2024-08-01_08,6,8,43.32931011235955,43.37784977803135,0.04853966567179668,0.04853966567179668,6,6,pls,model_comparison,1,
2024-08-01_09,6,9,43.23398539325842,43.31604379707125,0.08205840381283025,0.08205840381283025,6,6,pls,model_comparison,1,
2024-08-01_10,6,10,43.203420224719096,43.095324263224754,-0.10809596149434242,0.10809596149434242,6,6,pls,model_comparison,1,
2024-08-05_01,7,1,43.83111460674157,43.93393485209319,0.10282024535161582,0.10282024535161582,7,7,pls,model_comparison,1,
2024-08-05_02,7,2,44.11084831460675,44.32799115341922,0.21714283881247098,0.21714283881247098,7,7,pls,model_comparison,1,
2024-08-05_03,7,3,43.689005617977536,43.603532306072076,-0.08547331190546004,0.08547331190546004,7,7,pls,model_comparison,1,
2024-08-05_04,7,4,43.76099325842696,43.56222547218126,-0.19876778624569624,0.19876778624569624,7,7,pls,model_comparison,1,
2024-08-05_05,7,5,43.55207865168539,43.47775925087198,-0.07431940081340827,0.07431940081340827,7,7,pls,model_comparison,1,
2024-08-05_06,7,6,43.370857303370784,43.39801633140104,0.027159028030254717,0.027159028030254717,7,7,pls,model_comparison,1,
2024-08-07_01,8,1,43.74446306921348,43.8040854721006,0.05962240288712195,0.05962240288712195,8,8,pls,model_comparison,1,
2024-08-07_02,8,2,43.89617752808989,43.933234460412095,0.03705693232220142,0.03705693232220142,8,8,pls,model_comparison,1,
2024-08-07_03,8,3,43.71542808988764,43.75696695894165,0.04153886905401549,0.04153886905401549,8,8,pls,model_comparison,1,
2024-08-07_04,8,4,43.83268764044944,43.823115203284836,-0.009572437164607095,0.009572437164607095,8,8,pls,model_comparison,1,
2024-08-07_05,8,5,43.646195505617975,43.59518459053165,-0.05101091508632294,0.05101091508632294,8,8,pls,model_comparison,1,
2024-08-07_06,8,6,43.50728202247191,43.556433894045576,0.049151871573663186,0.049151871573663186,8,8,pls,model_comparison,1,
2024-08-07_07,8,7,43.40571685393258,43.46877654784786,0.0630596939152781,0.0630596939152781,8,8,pls,model_comparison,1,
2024-08-07_08,8,8,43.69908426966292,43.87861399006714,0.17952972040421855,0.17952972040421855,8,8,pls,model_comparison,1,
2024-08-07_09,8,9,43.47381460674157,43.84271170927393,0.3688971025323582,0.3688971025323582,8,8,pls,model_comparison,1,
2024-08-07_10,8,10,43.21752471910112,43.67406330924545,0.4565385901443264,0.4565385901443264,8,8,pls,model_comparison,1,
2024-08-21_01,9,1,44.29168651685393,44.27904869920966,-0.012637817644268523,0.012637817644268523,9,9,pls,model_comparison,1,
2024-08-21_02,9,2,44.376304494382026,44.38356056849777,0.007256074115744582,0.007256074115744582,9,9,pls,model_comparison,1,
2024-08-21_03,9,3,44.19888314606742,44.12020708111915,-0.07867606494827584,0.07867606494827584,9,9,pls,model_comparison,1,
2024-08-21_04,9,4,43.97901235955056,44.02635609963488,0.047343740084322405,0.047343740084322405,9,9,pls,model_comparison,1,
2024-08-21_05,9,5,43.781948314606744,43.70020026333102,-0.08174805127572426,0.08174805127572426,9,9,pls,model_comparison,1,
2024-08-21_06,9,6,43.35196179775281,43.376099189125135,0.024137391372327954,0.024137391372327954,9,9,pls,model_comparison,1,
2024-08-21_07,9,7,43.514860674157305,43.467396764395275,-0.04746390976202974,0.04746390976202974,9,9,pls,model_comparison,1,
2024-08-21_08,9,8,43.43098426966292,43.347100196655326,-0.08388407300759582,0.08388407300759582,9,9,pls,model_comparison,1,
2024-08-21_10,9,10,43.34042359550562,43.35068502612489,0.010261430619273426,0.010261430619273426,9,9,pls,model_comparison,1,
2024-08-22_01,10,1,44.33709887640449,44.28707802075699,-0.050020855647503026,0.050020855647503026,10,10,pls,model_comparison,1,
2024-08-22_02,10,2,44.01008764044944,43.72347262154795,-0.2866150189014931,0.2866150189014931,10,10,pls,model_comparison,1,
2024-08-22_03,10,3,44.15319438202246,43.9437068495263,-0.20948753249616203,0.20948753249616203,10,10,pls,model_comparison,1,
2024-08-22_04,10,4,43.86219509404495,43.775496499847016,-0.08669859419793369,0.08669859419793369,10,10,pls,model_comparison,1,
2024-07-02_01,1,1,44.28899101123597,44.342364640775656,0.05337362953968494,0.05337362953968494,1,1,elastic_net,model_comparison,1,
2024-07-02_02,1,2,44.03888651685393,44.05535548408117,0.016468967227240228,0.016468967227240228,1,1,elastic_net,model_comparison,1,
2024-07-02_03,1,3,44.14962359550561,44.05926285733312,-0.09036073817249246,0.09036073817249246,1,1,elastic_net,model_comparison,1,
2024-07-02_04,1,4,43.90529550561797,43.94368761180402,0.03839210618605193,0.03839210618605193,1,1,elastic_net,model_comparison,1,
2024-07-02_05,1,5,43.42659101123595,43.52787941894631,0.10128840771036351,0.10128840771036351,1,1,elastic_net,model_comparison,1,
2024-07-02_06,1,6,43.58406404494382,43.652817137770015,0.06875309282619213,0.06875309282619213,1,1,elastic_net,model_comparison,1,
2024-07-02_08,1,8,43.09692808988764,43.16457975164217,0.06765166175453174,0.06765166175453174,1,1,elastic_net,model_comparison,1,
2024-07-02_09,1,9,43.339929213483146,43.3100600053513,-0.02986920813184213,0.02986920813184213,1,1,elastic_net,model_comparison,1,
2024-07-02_10,1,10,43.28435730337079,43.24639790606814,-0.03795939730265019,0.03795939730265019,1,1,elastic_net,model_comparison,1,
2024-07-05_01,2,1,44.20857078651685,44.12883832416392,-0.07973246235292919,0.07973246235292919,2,2,elastic_net,model_comparison,1,
2024-07-05_02,2,2,44.20844943820225,44.11495434576195,-0.09349509244029974,0.09349509244029974,2,2,elastic_net,model_comparison,1,
2024-07-05_03,2,3,43.95148597898877,43.966276634801225,0.014790655812454645,0.014790655812454645,2,2,elastic_net,model_comparison,1,
2024-07-05_04,2,4,43.42695056179775,43.569910875822195,0.14296031402444243,0.14296031402444243,2,2,elastic_net,model_comparison,1,
2024-07-05_05,2,5,43.54600561797753,43.80415527277678,0.25814965479925434,0.25814965479925434,2,2,elastic_net,model_comparison,1,
2024-07-05_06,2,6,43.416213483146066,43.55932711611304,0.14311363296697266,0.14311363296697266,2,2,elastic_net,model_comparison,1,
2024-07-05_07,2,7,43.297787640449435,43.41732901799151,0.1195413775420775,0.1195413775420775,2,2,elastic_net,model_comparison,1,
2024-07-05_08,2,8,42.96067191011235,43.179335484835384,0.21866357472303122,0.21866357472303122,2,2,elastic_net,model_comparison,1,
2024-07-05_09,2,9,43.18773370786516,43.375995220166544,0.18826151230138066,0.18826151230138066,2,2,elastic_net,model_comparison,1,
2024-07-05_10,2,10,43.10430337078652,43.283175621526624,0.17887225074010615,0.17887225074010615,2,2,elastic_net,model_comparison,1,
2024-07-09_01,3,1,44.18354494382022,44.185212095928875,0.0016671521086522034,0.0016671521086522034,3,3,elastic_net,model_comparison,1,
2024-07-09_02,3,2,43.90555393258427,43.94213192078917,0.03657798820490399,0.03657798820490399,3,3,elastic_net,model_comparison,1,
2024-07-09_03,3,3,44.266009562584266,44.03090186901298,-0.2351076935712868,0.2351076935712868,3,3,elastic_net,model_comparison,1,
2024-07-09_04,3,4,44.079486308876405,43.913811047128455,-0.16567526174794978,0.16567526174794978,3,3,elastic_net,model_comparison,1,
2024-07-09_05,3,5,43.976832691348314,44.06177677352438,0.0849440821760652,0.0849440821760652,3,3,elastic_net,model_comparison,1,
2024-07-09_06,3,6,43.70646829337079,43.631523445357324,-0.07494484801346601,0.07494484801346601,3,3,elastic_net,model_comparison,1,
2024-07-09_07,3,7,43.58551297651686,43.47779747429327,-0.10771550222359139,0.10771550222359139,3,3,elastic_net,model_comparison,1,
2024-07-09_08,3,8,43.504297164831456,43.413092345627796,-0.09120481920366075,0.09120481920366075,3,3,elastic_net,model_comparison,1,
2024-07-09_09,3,9,43.42807412224719,43.30267310226934,-0.12540101997785058,0.12540101997785058,3,3,elastic_net,model_comparison,1,
2024-07-09_10,3,10,42.98307262797753,42.96363206394862,-0.019440564028904816,0.019440564028904816,3,3,elastic_net,model_comparison,1,
2024-07-11_01,4,1,44.3063048264045,44.08950628263299,-0.2167985437715103,0.2167985437715103,4,4,elastic_net,model_comparison,1,
2024-07-11_02,4,2,44.36490342820224,44.181611149563416,-0.1832922786388238,0.1832922786388238,4,4,elastic_net,model_comparison,1,
2024-07-11_03,4,3,44.324505951348314,44.23860012083248,-0.08590583051583423,0.08590583051583423,4,4,elastic_net,model_comparison,1,
2024-07-11_04,4,4,43.99857063640449,43.78024893367048,-0.2183217027340092,0.2183217027340092,4,4,elastic_net,model_comparison,1,
2024-07-11_05,4,5,43.92957708887641,43.92661199897097,-0.0029650899054374236,0.0029650899054374236,4,4,elastic_net,model_comparison,1,
2024-07-11_06,4,6,43.64391731,43.601483453794636,-0.04243385620536344,0.04243385620536344,4,4,elastic_net,model_comparison,1,
2024-07-11_07,4,7,43.214110956853936,43.16236686493574,-0.05174409191819507,0.05174409191819507,4,4,elastic_net,model_comparison,1,
2024-07-11_08,4,8,43.135930337078655,42.97668740172152,-0.15924293535713474,0.15924293535713474,4,4,elastic_net,model_comparison,1,
2024-07-11_09,4,9,42.94292808988765,43.00912361628736,0.06619552639971005,0.06619552639971005,4,4,elastic_net,model_comparison,1,
2024-07-11_10,4,10,43.424028089887635,43.30232146498906,-0.12170662489857165,0.12170662489857165,4,4,elastic_net,model_comparison,1,
2024-07-19_01,5,1,44.31420112359551,44.26989683556548,-0.04430428803002684,0.04430428803002684,5,5,elastic_net,model_comparison,1,
2024-07-19_02,5,2,43.712376404494385,43.646202329332354,-0.06617407516203144,0.06617407516203144,5,5,elastic_net,model_comparison,1,
2024-07-19_03,5,3,43.8585011235955,43.88771624799227,0.029215124396770875,0.029215124396770875,5,5,elastic_net,model_comparison,1,
2024-07-19_04,5,4,43.35476853932584,43.45445512531651,0.09968658599066771,0.09968658599066771,5,5,elastic_net,model_comparison,1,
2024-07-19_05,5,5,43.50141797752809,43.486397043512625,-0.015020934015467446,0.015020934015467446,5,5,elastic_net,model_comparison,1,
2024-07-19_06,5,6,43.371765168539326,43.52179360659306,0.1500284380537309,0.1500284380537309,5,5,elastic_net,model_comparison,1,
2024-07-19_07,5,7,43.267224363932584,43.414278387724906,0.1470540237923217,0.1470540237923217,5,5,elastic_net,model_comparison,1,
2024-07-19_08,5,8,43.17212696629214,43.25190782666308,0.07978086037093846,0.07978086037093846,5,5,elastic_net,model_comparison,1,
2024-07-19_09,5,9,43.23376985662921,43.3917447104216,0.15797485379238907,0.15797485379238907,5,5,elastic_net,model_comparison,1,
2024-07-19_10,5,10,43.02462584269663,43.051751819235534,0.027125976538904695,0.027125976538904695,5,5,elastic_net,model_comparison,1,
2024-08-01_01,6,1,43.75222247191011,43.94966228921789,0.1974398173077816,0.1974398173077816,6,6,elastic_net,model_comparison,1,
2024-08-01_02,6,2,44.195029213483146,44.144923175094945,-0.0501060383882006,0.0501060383882006,6,6,elastic_net,model_comparison,1,
2024-08-01_03,6,3,44.066997752808994,44.06392847245531,-0.0030692803536851443,0.0030692803536851443,6,6,elastic_net,model_comparison,1,
2024-08-01_04,6,4,43.894617977528085,43.857830023435454,-0.036787954092631026,0.036787954092631026,6,6,elastic_net,model_comparison,1,
2024-08-01_05,6,5,43.69129550561798,43.70603587107994,0.014740365461960891,0.014740365461960891,6,6,elastic_net,model_comparison,1,
2024-08-01_06,6,6,43.23118426966292,43.338608920839995,0.10742465117707667,0.10742465117707667,6,6,elastic_net,model_comparison,1,
2024-08-01_07,6,7,42.97732808988764,43.18985504544479,0.21252695555714496,0.21252695555714496,6,6,elastic_net,model_comparison,1,
2024-08-01_08,6,8,43.32931011235955,43.36436789627417,0.03505778391461689,0.03505778391461689,6,6,elastic_net,model_comparison,1,
2024-08-01_09,6,9,43.23398539325842,43.243577068801194,0.009591675542772293,0.009591675542772293,6,6,elastic_net,model_comparison,1,
2024-08-01_10,6,10,43.203420224719096,43.21097634099248,0.007556116273384816,0.007556116273384816,6,6,elastic_net,model_comparison,1,
2024-08-05_01,7,1,43.83111460674157,44.0877233904476,0.256608783706028,0.256608783706028,7,7,elastic_net,model_comparison,1,
2024-08-05_02,7,2,44.11084831460675,44.19991524374266,0.0890669291359103,0.0890669291359103,7,7,elastic_net,model_comparison,1,
2024-08-05_03,7,3,43.689005617977536,43.655893951214175,-0.03311166676336086,0.03311166676336086,7,7,elastic_net,model_comparison,1,
2024-08-05_04,7,4,43.76099325842696,43.5771674413811,-0.18382581704585732,0.18382581704585732,7,7,elastic_net,model_comparison,1,
2024-08-05_05,7,5,43.55207865168539,43.60020149812946,0.04812284644406617,0.04812284644406617,7,7,elastic_net,model_comparison,1,
2024-08-05_06,7,6,43.370857303370784,43.42187272193116,0.05101541856037528,0.05101541856037528,7,7,elastic_net,model_comparison,1,
2024-08-07_01,8,1,43.74446306921348,43.98710083597013,0.24263776675665127,0.24263776675665127,8,8,elastic_net,model_comparison,1,
2024-08-07_02,8,2,43.89617752808989,43.94189523827023,0.04571771018033388,0.04571771018033388,8,8,elastic_net,model_comparison,1,
2024-08-07_03,8,3,43.71542808988764,43.81856442214257,0.1031363322549339,0.1031363322549339,8,8,elastic_net,model_comparison,1,
2024-08-07_04,8,4,43.83268764044944,43.833773484636424,0.0010858441869814328,0.0010858441869814328,8,8,elastic_net,model_comparison,1,
2024-08-07_05,8,5,43.646195505617975,43.712660153802915,0.06646464818494024,0.06646464818494024,8,8,elastic_net,model_comparison,1,
2024-08-07_06,8,6,43.50728202247191,43.542919752467526,0.035637729995613654,0.035637729995613654,8,8,elastic_net,model_comparison,1,
2024-08-07_07,8,7,43.40571685393258,43.47984667841586,0.0741298244832791,0.0741298244832791,8,8,elastic_net,model_comparison,1,
2024-08-07_08,8,8,43.69908426966292,43.689421294279924,-0.009662975382994432,0.009662975382994432,8,8,elastic_net,model_comparison,1,
2024-08-07_09,8,9,43.47381460674157,43.51664950114035,0.042834894398779966,0.042834894398779966,8,8,elastic_net,model_comparison,1,
2024-08-07_10,8,10,43.21752471910112,43.45285726220852,0.23533254310739693,0.23533254310739693,8,8,elastic_net,model_comparison,1,
2024-08-21_01,9,1,44.29168651685393,44.30768696694709,0.016000450093159202,0.016000450093159202,9,9,elastic_net,model_comparison,1,
2024-08-21_02,9,2,44.376304494382026,44.32027626422355,-0.05602823015847491,0.05602823015847491,9,9,elastic_net,model_comparison,1,
2024-08-21_03,9,3,44.19888314606742,44.09494106212341,-0.10394208394401261,0.10394208394401261,9,9,elastic_net,model_comparison,1,
2024-08-21_04,9,4,43.97901235955056,43.98929183244368,0.010279472893124364,0.010279472893124364,9,9,elastic_net,model_comparison,1,
2024-08-21_05,9,5,43.781948314606744,43.742830940411245,-0.039117374195498655,0.039117374195498655,9,9,elastic_net,model_comparison,1,
2024-08-21_06,9,6,43.35196179775281,43.393741731898274,0.04177993414546677,0.04177993414546677,9,9,elastic_net,model_comparison,1,
2024-08-21_07,9,7,43.514860674157305,43.58447139071444,0.06961071655713624,0.06961071655713624,9,9,elastic_net,model_comparison,1,
2024-08-21_08,9,8,43.43098426966292,43.41425733842106,-0.01672693124186253,0.01672693124186253,9,9,elastic_net,model_comparison,1,
2024-08-21_10,9,10,43.34042359550562,43.26939297773979,-0.0710306177658282,0.0710306177658282,9,9,elastic_net,model_comparison,1,
2024-08-22_01,10,1,44.33709887640449,44.407536531171026,0.07043765476653618,0.07043765476653618,10,10,elastic_net,model_comparison,1,
2024-08-22_02,10,2,44.01008764044944,43.80167356753958,-0.2084140729098607,0.2084140729098607,10,10,elastic_net,model_comparison,1,
2024-08-22_03,10,3,44.15319438202246,43.964373186796024,-0.18882119522643848,0.18882119522643848,10,10,elastic_net,model_comparison,1,
2024-08-22_04,10,4,43.86219509404495,43.8519073163911,-0.010287777653850583,0.010287777653850583,10,10,elastic_net,model_comparison,1,
2024-07-02_01,1,1,44.28899101123597,43.96516076206513,-0.3238302491708396,0.3238302491708396,1,1,rbf_svr,model_comparison,1,
2024-07-02_02,1,2,44.03888651685393,43.872066064046315,-0.16682045280761315,0.16682045280761315,1,1,rbf_svr,model_comparison,1,
2024-07-02_03,1,3,44.14962359550561,43.87643586865641,-0.27318772684920134,0.27318772684920134,1,1,rbf_svr,model_comparison,1,
2024-07-02_04,1,4,43.90529550561797,43.82419684655786,-0.08109865906011038,0.08109865906011038,1,1,rbf_svr,model_comparison,1,
2024-07-02_05,1,5,43.42659101123595,43.504186275369854,0.0775952641339046,0.0775952641339046,1,1,rbf_svr,model_comparison,1,
2024-07-02_06,1,6,43.58406404494382,43.66800435718915,0.08394031224532483,0.08394031224532483,1,1,rbf_svr,model_comparison,1,
2024-07-02_08,1,8,43.09692808988764,43.294228616481654,0.1973005265940131,0.1973005265940131,1,1,rbf_svr,model_comparison,1,
2024-07-02_09,1,9,43.339929213483146,43.374961545086016,0.03503233160287067,0.03503233160287067,1,1,rbf_svr,model_comparison,1,
2024-07-02_10,1,10,43.28435730337079,43.410213619892055,0.12585631652126494,0.12585631652126494,1,1,rbf_svr,model_comparison,1,
2024-07-05_01,2,1,44.20857078651685,44.071134463272074,-0.13743632324477772,0.13743632324477772,2,2,rbf_svr,model_comparison,1,
2024-07-05_02,2,2,44.20844943820225,44.085899985847746,-0.1225494523545052,0.1225494523545052,2,2,rbf_svr,model_comparison,1,
2024-07-05_03,2,3,43.95148597898877,43.944337506529024,-0.007148472459746813,0.007148472459746813,2,2,rbf_svr,model_comparison,1,
2024-07-05_04,2,4,43.42695056179775,43.621244259735036,0.19429369793728313,0.19429369793728313,2,2,rbf_svr,model_comparison,1,
2024-07-05_05,2,5,43.54600561797753,43.80592374541211,0.259918127434581,0.259918127434581,2,2,rbf_svr,model_comparison,1,
2024-07-05_06,2,6,43.416213483146066,43.53898438320767,0.12277090006160307,0.12277090006160307,2,2,rbf_svr,model_comparison,1,
2024-07-05_07,2,7,43.297787640449435,43.478018612677246,0.18023097222781104,0.18023097222781104,2,2,rbf_svr,model_comparison,1,
2024-07-05_08,2,8,42.96067191011235,43.39470912107487,0.434037210962515,0.434037210962515,2,2,rbf_svr,model_comparison,1,
2024-07-05_09,2,9,43.18773370786516,43.500515923864235,0.3127822159990714,0.3127822159990714,2,2,rbf_svr,model_comparison,1,
2024-07-05_10,2,10,43.10430337078652,43.4334674308106,0.32916406002408394,0.32916406002408394,2,2,rbf_svr,model_comparison,1,
2024-07-09_01,3,1,44.18354494382022,43.87946459167139,-0.30408035214883,0.30408035214883,3,3,rbf_svr,model_comparison,1,
2024-07-09_02,3,2,43.90555393258427,43.91256708409179,0.007013151507521798,0.007013151507521798,3,3,rbf_svr,model_comparison,1,
2024-07-09_03,3,3,44.266009562584266,43.932960326919385,-0.3330492356648804,0.3330492356648804,3,3,rbf_svr,model_comparison,1,
2024-07-09_04,3,4,44.079486308876405,43.874789088772026,-0.20469722010437863,0.20469722010437863,3,3,rbf_svr,model_comparison,1,
2024-07-09_05,3,5,43.976832691348314,43.818821090646395,-0.15801160070191855,0.15801160070191855,3,3,rbf_svr,model_comparison,1,
2024-07-09_06,3,6,43.70646829337079,43.58511968015235,-0.12134861321843715,0.12134861321843715,3,3,rbf_svr,model_comparison,1,
2024-07-09_07,3,7,43.58551297651686,43.61854276087324,0.03302978435637982,0.03302978435637982,3,3,rbf_svr,model_comparison,1,
2024-07-09_08,3,8,43.504297164831456,43.48619464041613,-0.018102524415326116,0.018102524415326116,3,3,rbf_svr,model_comparison,1,
2024-07-09_09,3,9,43.42807412224719,43.43355512515687,0.005481002909682786,0.005481002909682786,3,3,rbf_svr,model_comparison,1,
2024-07-09_10,3,10,42.98307262797753,43.51964241261343,0.5365697846359012,0.5365697846359012,3,3,rbf_svr,model_comparison,1,
2024-07-11_01,4,1,44.3063048264045,44.114313952141025,-0.1919908742634746,0.1919908742634746,4,4,rbf_svr,model_comparison,1,
2024-07-11_02,4,2,44.36490342820224,44.107182363646785,-0.2577210645554544,0.2577210645554544,4,4,rbf_svr,model_comparison,1,
2024-07-11_03,4,3,44.324505951348314,44.07801717232233,-0.24648877902598088,0.24648877902598088,4,4,rbf_svr,model_comparison,1,
2024-07-11_04,4,4,43.99857063640449,43.76649300586583,-0.2320776305386545,0.2320776305386545,4,4,rbf_svr,model_comparison,1,
2024-07-11_05,4,5,43.92957708887641,43.79239018317258,-0.1371869057038282,0.1371869057038282,4,4,rbf_svr,model_comparison,1,
2024-07-11_06,4,6,43.64391731,43.50560809879034,-0.1383092112096591,0.1383092112096591,4,4,rbf_svr,model_comparison,1,
2024-07-11_07,4,7,43.214110956853936,43.16447607969732,-0.0496348771566133,0.0496348771566133,4,4,rbf_svr,model_comparison,1,
2024-07-11_08,4,8,43.135930337078655,43.19912404021892,0.06319370314026429,0.06319370314026429,4,4,rbf_svr,model_comparison,1,
2024-07-11_09,4,9,42.94292808988765,43.52519909847594,0.5822710085882861,0.5822710085882861,4,4,rbf_svr,model_comparison,1,
2024-07-11_10,4,10,43.424028089887635,43.43399462761869,0.009966537731052938,0.009966537731052938,4,4,rbf_svr,model_comparison,1,
2024-07-19_01,5,1,44.31420112359551,43.89038754201549,-0.4238135815800206,0.4238135815800206,5,5,rbf_svr,model_comparison,1,
2024-07-19_02,5,2,43.712376404494385,43.48582022011603,-0.226556184378353,0.226556184378353,5,5,rbf_svr,model_comparison,1,
2024-07-19_03,5,3,43.8585011235955,43.87825433052447,0.01975320692896787,0.01975320692896787,5,5,rbf_svr,model_comparison,1,
2024-07-19_04,5,4,43.35476853932584,43.61541746683836,0.2606489275125199,0.2606489275125199,5,5,rbf_svr,model_comparison,1,
2024-07-19_05,5,5,43.50141797752809,43.542668077531765,0.041250100003672685,0.041250100003672685,5,5,rbf_svr,model_comparison,1,
2024-07-19_06,5,6,43.371765168539326,43.63590443786199,0.2641392693226621,0.2641392693226621,5,5,rbf_svr,model_comparison,1,
2024-07-19_07,5,7,43.267224363932584,43.53002339346478,0.26279902953219647,0.26279902953219647,5,5,rbf_svr,model_comparison,1,
2024-07-19_08,5,8,43.17212696629214,43.50255166167662,0.3304246953844796,0.3304246953844796,5,5,rbf_svr,model_comparison,1,
2024-07-19_09,5,9,43.23376985662921,43.50983638232467,0.2760665256954624,0.2760665256954624,5,5,rbf_svr,model_comparison,1,
2024-07-19_10,5,10,43.02462584269663,43.360150481761785,0.33552463906515584,0.33552463906515584,5,5,rbf_svr,model_comparison,1,
2024-08-01_01,6,1,43.75222247191011,43.85576317323073,0.10354070132061821,0.10354070132061821,6,6,rbf_svr,model_comparison,1,
2024-08-01_02,6,2,44.195029213483146,43.98077869301523,-0.21425052046791393,0.21425052046791393,6,6,rbf_svr,model_comparison,1,
2024-08-01_03,6,3,44.066997752808994,43.892849661109466,-0.1741480916995286,0.1741480916995286,6,6,rbf_svr,model_comparison,1,
2024-08-01_04,6,4,43.894617977528085,43.81118978006901,-0.08342819745907804,0.08342819745907804,6,6,rbf_svr,model_comparison,1,
2024-08-01_05,6,5,43.69129550561798,43.599881960739644,-0.09141354487833553,0.09141354487833553,6,6,rbf_svr,model_comparison,1,
2024-08-01_06,6,6,43.23118426966292,43.486808013246296,0.2556237435833779,0.2556237435833779,6,6,rbf_svr,model_comparison,1,
2024-08-01_07,6,7,42.97732808988764,43.44776316099285,0.4704350711052072,0.4704350711052072,6,6,rbf_svr,model_comparison,1,
2024-08-01_08,6,8,43.32931011235955,43.47598843629228,0.14667832393273272,0.14667832393273272,6,6,rbf_svr,model_comparison,1,
2024-08-01_09,6,9,43.23398539325842,43.526891663231886,0.29290626997346436,0.29290626997346436,6,6,rbf_svr,model_comparison,1,
2024-08-01_10,6,10,43.203420224719096,43.58676585021109,0.3833456254919909,0.3833456254919909,6,6,rbf_svr,model_comparison,1,
2024-08-05_01,7,1,43.83111460674157,43.952479750680766,0.12136514393919384,0.12136514393919384,7,7,rbf_svr,model_comparison,1,
2024-08-05_02,7,2,44.11084831460675,44.04356017803189,-0.06728813657485944,0.06728813657485944,7,7,rbf_svr,model_comparison,1,
2024-08-05_03,7,3,43.689005617977536,43.69466858821372,0.005662970236187448,0.005662970236187448,7,7,rbf_svr,model_comparison,1,
2024-08-05_04,7,4,43.76099325842696,43.629254484177515,-0.1317387742494418,0.1317387742494418,7,7,rbf_svr,model_comparison,1,
2024-08-05_05,7,5,43.55207865168539,43.512062084892854,-0.040016566792537844,0.040016566792537844,7,7,rbf_svr,model_comparison,1,
2024-08-05_06,7,6,43.370857303370784,43.495511913352914,0.12465460998213018,0.12465460998213018,7,7,rbf_svr,model_comparison,1,
2024-08-07_01,8,1,43.74446306921348,43.854696991758004,0.11023392254452347,0.11023392254452347,8,8,rbf_svr,model_comparison,1,
2024-08-07_02,8,2,43.89617752808989,43.905742930157565,0.009565402067671869,0.009565402067671869,8,8,rbf_svr,model_comparison,1,
2024-08-07_03,8,3,43.71542808988764,43.79888091062258,0.08345282073494076,0.08345282073494076,8,8,rbf_svr,model_comparison,1,
2024-08-07_04,8,4,43.83268764044944,43.81620738656244,-0.01648025388700347,0.01648025388700347,8,8,rbf_svr,model_comparison,1,
2024-08-07_05,8,5,43.646195505617975,43.63941894585724,-0.006776559760737655,0.006776559760737655,8,8,rbf_svr,model_comparison,1,
2024-08-07_06,8,6,43.50728202247191,43.63918683325006,0.13190481077814553,0.13190481077814553,8,8,rbf_svr,model_comparison,1,
2024-08-07_07,8,7,43.40571685393258,43.46338009922203,0.05766324528944722,0.05766324528944722,8,8,rbf_svr,model_comparison,1,
2024-08-07_08,8,8,43.69908426966292,43.73157687464506,0.03249260498213857,0.03249260498213857,8,8,rbf_svr,model_comparison,1,
2024-08-07_09,8,9,43.47381460674157,43.70567259755954,0.23185799081797143,0.23185799081797143,8,8,rbf_svr,model_comparison,1,
2024-08-07_10,8,10,43.21752471910112,43.667491692603555,0.4499669735024341,0.4499669735024341,8,8,rbf_svr,model_comparison,1,
2024-08-21_01,9,1,44.29168651685393,44.07000227397808,-0.22168424287584543,0.22168424287584543,9,9,rbf_svr,model_comparison,1,
2024-08-21_02,9,2,44.376304494382026,44.064049550045276,-0.3122549443367504,0.3122549443367504,9,9,rbf_svr,model_comparison,1,
2024-08-21_03,9,3,44.19888314606742,43.914027452086735,-0.28485569398068833,0.28485569398068833,9,9,rbf_svr,model_comparison,1,
2024-08-21_04,9,4,43.97901235955056,43.79315455466849,-0.18585780488206893,0.18585780488206893,9,9,rbf_svr,model_comparison,1,
2024-08-21_05,9,5,43.781948314606744,43.57882985458386,-0.20311846002288547,0.20311846002288547,9,9,rbf_svr,model_comparison,1,
2024-08-21_06,9,6,43.35196179775281,43.37536693339792,0.023405135645113262,0.023405135645113262,9,9,rbf_svr,model_comparison,1,
2024-08-21_07,9,7,43.514860674157305,43.42312660508682,-0.09173406907048332,0.09173406907048332,9,9,rbf_svr,model_comparison,1,
2024-08-21_08,9,8,43.43098426966292,43.44306300984761,0.012078740184691128,0.012078740184691128,9,9,rbf_svr,model_comparison,1,
2024-08-21_10,9,10,43.34042359550562,43.43280789338994,0.09238429788432256,0.09238429788432256,9,9,rbf_svr,model_comparison,1,
2024-08-22_01,10,1,44.33709887640449,44.0371135713032,-0.29998530510128774,0.29998530510128774,10,10,rbf_svr,model_comparison,1,
2024-08-22_02,10,2,44.01008764044944,43.78971891825025,-0.2203687221991899,0.2203687221991899,10,10,rbf_svr,model_comparison,1,
2024-08-22_03,10,3,44.15319438202246,43.92864809531912,-0.22454628670334387,0.22454628670334387,10,10,rbf_svr,model_comparison,1,
2024-08-22_04,10,4,43.86219509404495,43.757389256417454,-0.10480583762749518,0.10480583762749518,10,10,rbf_svr,model_comparison,1,
2024-07-02_01,1,1,44.28899101123597,44.29166056304635,0.002669551810377868,0.002669551810377868,1,1,pca_gpr,model_comparison,1,0.15775736746510877
2024-07-02_02,1,2,44.03888651685393,43.974026752652776,-0.06485976420115236,0.06485976420115236,1,1,pca_gpr,model_comparison,1,0.21597669519229126
2024-07-02_03,1,3,44.14962359550561,44.061545007689375,-0.08807858781623423,0.08807858781623423,1,1,pca_gpr,model_comparison,1,0.14092054331615347
2024-07-02_04,1,4,43.90529550561797,43.90538218882832,8.668321034832616e-05,8.668321034832616e-05,1,1,pca_gpr,model_comparison,1,0.13707731001433812
2024-07-02_05,1,5,43.42659101123595,43.48224804515337,0.05565703391742005,0.05565703391742005,1,1,pca_gpr,model_comparison,1,0.13581522876534188
2024-07-02_06,1,6,43.58406404494382,43.67949464521388,0.09543060027005623,0.09543060027005623,1,1,pca_gpr,model_comparison,1,0.13367440042741444
2024-07-02_08,1,8,43.09692808988764,43.17877266440104,0.0818445745133971,0.0818445745133971,1,1,pca_gpr,model_comparison,1,0.140007990430554
2024-07-02_09,1,9,43.339929213483146,43.39527041662346,0.05534120314031554,0.05534120314031554,1,1,pca_gpr,model_comparison,1,0.13941137035188744
2024-07-02_10,1,10,43.28435730337079,43.42940754355506,0.14505024018426838,0.14505024018426838,1,1,pca_gpr,model_comparison,1,0.1266062529748372
2024-07-05_01,2,1,44.20857078651685,44.31076946131955,0.1021986748027004,0.1021986748027004,2,2,pca_gpr,model_comparison,1,0.14159392031019277
2024-07-05_02,2,2,44.20844943820225,44.25107341401167,0.04262397580941979,0.04262397580941979,2,2,pca_gpr,model_comparison,1,0.14248773523417935
2024-07-05_03,2,3,43.95148597898877,44.00838282483101,0.056896845842238974,0.056896845842238974,2,2,pca_gpr,model_comparison,1,0.13306868392647106
2024-07-05_04,2,4,43.42695056179775,43.56165524516335,0.13470468336559804,0.13470468336559804,2,2,pca_gpr,model_comparison,1,0.14276515467879025
2024-07-05_05,2,5,43.54600561797753,43.79197729632687,0.24597167834934197,0.24597167834934197,2,2,pca_gpr,model_comparison,1,0.1347483112345419
2024-07-05_06,2,6,43.416213483146066,43.62938890203411,0.21317541888804215,0.21317541888804215,2,2,pca_gpr,model_comparison,1,0.1334766301099503
2024-07-05_07,2,7,43.297787640449435,43.37326000598609,0.0754723655366547,0.0754723655366547,2,2,pca_gpr,model_comparison,1,0.1410134785079306
2024-07-05_08,2,8,42.96067191011235,43.32815138761868,0.36747947750632903,0.36747947750632903,2,2,pca_gpr,model_comparison,1,0.1356447608658464
2024-07-05_09,2,9,43.18773370786516,43.52345208308335,0.33571837521818537,0.33571837521818537,2,2,pca_gpr,model_comparison,1,0.14561813173060464
2024-07-05_10,2,10,43.10430337078652,43.478344111468736,0.3740407406822186,0.3740407406822186,2,2,pca_gpr,model_comparison,1,0.1281679106513841
2024-07-09_01,3,1,44.18354494382022,44.14322507865185,-0.04031986516837094,0.04031986516837094,3,3,pca_gpr,model_comparison,1,0.17984378178286206
2024-07-09_02,3,2,43.90555393258427,44.04089413716911,0.13534020458484264,0.13534020458484264,3,3,pca_gpr,model_comparison,1,0.1773430574817151
2024-07-09_03,3,3,44.266009562584266,43.998702509985826,-0.26730705259844,0.26730705259844,3,3,pca_gpr,model_comparison,1,0.16463410424735717
2024-07-09_04,3,4,44.079486308876405,43.85804017549838,-0.22144613337802355,0.22144613337802355,3,3,pca_gpr,model_comparison,1,0.16365396678526067
2024-07-09_05,3,5,43.976832691348314,43.99070195866469,0.013869267316373168,0.013869267316373168,3,3,pca_gpr,model_comparison,1,0.16946675223761654
2024-07-09_06,3,6,43.70646829337079,43.54088443226,-0.1655838611107896,0.1655838611107896,3,3,pca_gpr,model_comparison,1,0.16067519029821414
2024-07-09_07,3,7,43.58551297651686,43.17087174556578,-0.4146412309510765,0.4146412309510765,3,3,pca_gpr,model_comparison,1,0.1690058777318823
2024-07-09_08,3,8,43.504297164831456,43.49505433100597,-0.009242833825489072,0.009242833825489072,3,3,pca_gpr,model_comparison,1,0.16027839492024962
2024-07-09_09,3,9,43.42807412224719,43.240936143763385,-0.1871379784838041,0.1871379784838041,3,3,pca_gpr,model_comparison,1,0.16837411494165885
2024-07-09_10,3,10,42.98307262797753,43.13387539865341,0.150802770675881,0.150802770675881,3,3,pca_gpr,model_comparison,1,0.23441371870742592
2024-07-11_01,4,1,44.3063048264045,44.22227834049244,-0.0840264859120623,0.0840264859120623,4,4,pca_gpr,model_comparison,1,0.14625520620141438
2024-07-11_02,4,2,44.36490342820224,44.25132021694228,-0.1135832112599573,0.1135832112599573,4,4,pca_gpr,model_comparison,1,0.13695612888926925
2024-07-11_03,4,3,44.324505951348314,44.208218314963034,-0.11628763638528028,0.11628763638528028,4,4,pca_gpr,model_comparison,1,0.1718642543638715
2024-07-11_04,4,4,43.99857063640449,43.8069400056341,-0.19163063077039055,0.19163063077039055,4,4,pca_gpr,model_comparison,1,0.12771727318084097
2024-07-11_05,4,5,43.92957708887641,43.857454673267476,-0.07212241560893062,0.07212241560893062,4,4,pca_gpr,model_comparison,1,0.15145211935503936
2024-07-11_06,4,6,43.64391731,43.5063564190336,-0.13756089096639812,0.13756089096639812,4,4,pca_gpr,model_comparison,1,0.12351521697815525
2024-07-11_07,4,7,43.214110956853936,43.2855235844535,0.0714126275995639,0.0714126275995639,4,4,pca_gpr,model_comparison,1,0.1447535957909681
2024-07-11_08,4,8,43.135930337078655,43.094839178107534,-0.04109115897112048,0.04109115897112048,4,4,pca_gpr,model_comparison,1,0.160503077986321
2024-07-11_09,4,9,42.94292808988765,42.995053415786785,0.05212532589913366,0.05212532589913366,4,4,pca_gpr,model_comparison,1,0.2533646606623084
2024-07-11_10,4,10,43.424028089887635,43.39685349602221,-0.027174593865424868,0.027174593865424868,4,4,pca_gpr,model_comparison,1,0.16444603089406915
2024-07-19_01,5,1,44.31420112359551,44.36668984460738,0.05248872101186919,0.05248872101186919,5,5,pca_gpr,model_comparison,1,0.17831254484387077
2024-07-19_02,5,2,43.712376404494385,43.21140944818754,-0.5009669563068471,0.5009669563068471,5,5,pca_gpr,model_comparison,1,0.2741501471405831
2024-07-19_03,5,3,43.8585011235955,44.07701188526403,0.2185107616685258,0.2185107616685258,5,5,pca_gpr,model_comparison,1,0.15862807788948124
2024-07-19_04,5,4,43.35476853932584,43.70605241693919,0.3512838776133478,0.3512838776133478,5,5,pca_gpr,model_comparison,1,0.1660547156236005
2024-07-19_05,5,5,43.50141797752809,43.68075617681101,0.17933819928291683,0.17933819928291683,5,5,pca_gpr,model_comparison,1,0.1582033668478156
2024-07-19_06,5,6,43.371765168539326,43.74045761681146,0.3686924482721352,0.3686924482721352,5,5,pca_gpr,model_comparison,1,0.1582945873593954
2024-07-19_07,5,7,43.267224363932584,43.51875681115141,0.2515324472188283,0.2515324472188283,5,5,pca_gpr,model_comparison,1,0.15870155457684257
2024-07-19_08,5,8,43.17212696629214,43.367619896828664,0.19549293053652406,0.19549293053652406,5,5,pca_gpr,model_comparison,1,0.1594991237615399
2024-07-19_09,5,9,43.23376985662921,43.533866601735774,0.3000967451065648,0.3000967451065648,5,5,pca_gpr,model_comparison,1,0.17603225991520408
2024-07-19_10,5,10,43.02462584269663,43.43626716259369,0.41164131989705766,0.41164131989705766,5,5,pca_gpr,model_comparison,1,0.15982038099178741
2024-08-01_01,6,1,43.75222247191011,43.843100952081876,0.09087848017176725,0.09087848017176725,6,6,pca_gpr,model_comparison,1,0.1671549311759857
2024-08-01_02,6,2,44.195029213483146,44.068375631059666,-0.12665358242347935,0.12665358242347935,6,6,pca_gpr,model_comparison,1,0.15953539786163104
2024-08-01_03,6,3,44.066997752808994,43.96524803091916,-0.10174972188983133,0.10174972188983133,6,6,pca_gpr,model_comparison,1,0.1505479567124583
2024-08-01_04,6,4,43.894617977528085,43.585842700869655,-0.3087752766584302,0.3087752766584302,6,6,pca_gpr,model_comparison,1,0.15246041171975167
2024-08-01_05,6,5,43.69129550561798,43.466893065255306,-0.22440244036267387,0.22440244036267387,6,6,pca_gpr,model_comparison,1,0.15673886905438691
2024-08-01_06,6,6,43.23118426966292,43.30327728279294,0.07209301313002214,0.07209301313002214,6,6,pca_gpr,model_comparison,1,0.18746941042748655
2024-08-01_07,6,7,42.97732808988764,43.22910275942485,0.2517746695372054,0.2517746695372054,6,6,pca_gpr,model_comparison,1,0.21684844623706945
2024-08-01_08,6,8,43.32931011235955,43.40748632209259,0.07817620973303718,0.07817620973303718,6,6,pca_gpr,model_comparison,1,0.15733161620361383
2024-08-01_09,6,9,43.23398539325842,43.31756435329646,0.08357896003803944,0.08357896003803944,6,6,pca_gpr,model_comparison,1,0.17318858622566263
2024-08-01_10,6,10,43.203420224719096,43.35884091492179,0.15542069020269622,0.15542069020269622,6,6,pca_gpr,model_comparison,1,0.15413250959813865
2024-08-05_01,7,1,43.83111460674157,44.19231191062629,0.3611973038847154,0.3611973038847154,7,7,pca_gpr,model_comparison,1,0.13110851342820792
2024-08-05_02,7,2,44.11084831460675,44.11150885810822,0.0006605435014748195,0.0006605435014748195,7,7,pca_gpr,model_comparison,1,0.11807406261462194
2024-08-05_03,7,3,43.689005617977536,43.80140027982262,0.11239466184508728,0.11239466184508728,7,7,pca_gpr,model_comparison,1,0.12926833794474346
2024-08-05_04,7,4,43.76099325842696,43.83877572860522,0.07778247017826345,0.07778247017826345,7,7,pca_gpr,model_comparison,1,0.1284582031911603
2024-08-05_05,7,5,43.55207865168539,43.575423351814905,0.023344700129513285,0.023344700129513285,7,7,pca_gpr,model_comparison,1,0.1220411093848634
2024-08-05_06,7,6,43.370857303370784,43.57391091298806,0.20305360961727814,0.20305360961727814,7,7,pca_gpr,model_comparison,1,0.12316804458745355
2024-08-07_01,8,1,43.74446306921348,43.870050177118614,0.12558710790513317,0.12558710790513317,8,8,pca_gpr,model_comparison,1,0.1570734854072528
2024-08-07_02,8,2,43.89617752808989,43.925767534267194,0.02959000617730112,0.02959000617730112,8,8,pca_gpr,model_comparison,1,0.143723318385664
2024-08-07_03,8,3,43.71542808988764,43.685144626097696,-0.03028346378994229,0.03028346378994229,8,8,pca_gpr,model_comparison,1,0.15289579548469312
2024-08-07_04,8,4,43.83268764044944,43.97738632388787,0.14469868343842762,0.14469868343842762,8,8,pca_gpr,model_comparison,1,0.13858406656867917
2024-08-07_05,8,5,43.646195505617975,43.57685112498016,-0.06934438063781556,0.06934438063781556,8,8,pca_gpr,model_comparison,1,0.13594827207301197
2024-08-07_06,8,6,43.50728202247191,43.48764986200964,-0.019632160462272452,0.019632160462272452,8,8,pca_gpr,model_comparison,1,0.13662843481345177
2024-08-07_07,8,7,43.40571685393258,43.58121563911031,0.1754987851777301,0.1754987851777301,8,8,pca_gpr,model_comparison,1,0.139146133994192
2024-08-07_08,8,8,43.69908426966292,44.15291527499636,0.45383100533344134,0.45383100533344134,8,8,pca_gpr,model_comparison,1,0.14209531944507445
2024-08-07_09,8,9,43.47381460674157,43.9300678874326,0.45625328069102977,0.45625328069102977,8,8,pca_gpr,model_comparison,1,0.14018536784330002
2024-08-07_10,8,10,43.21752471910112,43.69369304605956,0.4761683269584367,0.4761683269584367,8,8,pca_gpr,model_comparison,1,0.13465688762482683
2024-08-21_01,9,1,44.29168651685393,44.16721145659315,-0.12447506026077804,0.12447506026077804,9,9,pca_gpr,model_comparison,1,0.16489312877390128
2024-08-21_02,9,2,44.376304494382026,44.14835866195085,-0.22794583243117472,0.22794583243117472,9,9,pca_gpr,model_comparison,1,0.16138699292710612
2024-08-21_03,9,3,44.19888314606742,43.83010805173989,-0.36877509432753186,0.36877509432753186,9,9,pca_gpr,model_comparison,1,0.15802827167920472
2024-08-21_04,9,4,43.97901235955056,43.726151129211544,-0.25286123033901475,0.25286123033901475,9,9,pca_gpr,model_comparison,1,0.15740486336237203
2024-08-21_05,9,5,43.781948314606744,43.356290835005254,-0.42565747960149025,0.42565747960149025,9,9,pca_gpr,model_comparison,1,0.16379199586493992
2024-08-21_06,9,6,43.35196179775281,43.190154150811466,-0.16180764694134098,0.16180764694134098,9,9,pca_gpr,model_comparison,1,0.16438365376509356
2024-08-21_07,9,7,43.514860674157305,43.294752587235386,-0.2201080869219183,0.2201080869219183,9,9,pca_gpr,model_comparison,1,0.16505489973340307
2024-08-21_08,9,8,43.43098426966292,43.34416421587119,-0.08682005379173319,0.08682005379173319,9,9,pca_gpr,model_comparison,1,0.16023152598814736
2024-08-21_10,9,10,43.34042359550562,43.30814306920025,-0.03228052630537093,0.03228052630537093,9,9,pca_gpr,model_comparison,1,0.1621653418724632
2024-08-22_01,10,1,44.33709887640449,44.468889865270455,0.13179098886596563,0.13179098886596563,10,10,pca_gpr,model_comparison,1,0.15405941988536642
2024-08-22_02,10,2,44.01008764044944,43.7632648023507,-0.24682283809874406,0.24682283809874406,10,10,pca_gpr,model_comparison,1,0.1278224986034271
2024-08-22_03,10,3,44.15319438202246,44.12598670001827,-0.027207682004195988,0.027207682004195988,10,10,pca_gpr,model_comparison,1,0.11777497995523004
2024-08-22_04,10,4,43.86219509404495,44.054730259247734,0.19253516520278424,0.19253516520278424,10,10,pca_gpr,model_comparison,1,0.11924899270258489
2024-07-02_01,1,1,44.28899101123597,44.201088819832364,-0.08790219140360733,0.08790219140360733,1,1,extra_trees,model_comparison,1,
2024-07-02_02,1,2,44.03888651685393,43.85936481958829,-0.17952169726563483,0.17952169726563483,1,1,extra_trees,model_comparison,1,
2024-07-02_03,1,3,44.14962359550561,44.13992477602523,-0.009698819480377097,0.009698819480377097,1,1,extra_trees,model_comparison,1,
2024-07-02_04,1,4,43.90529550561797,43.97851844304818,0.07322293743020936,0.07322293743020936,1,1,extra_trees,model_comparison,1,
2024-07-02_05,1,5,43.42659101123595,43.61297121402104,0.18638020278508804,0.18638020278508804,1,1,extra_trees,model_comparison,1,
2024-07-02_06,1,6,43.58406404494382,43.5504982683103,-0.033565776633523114,0.033565776633523114,1,1,extra_trees,model_comparison,1,
2024-07-02_08,1,8,43.09692808988764,43.13729367871825,0.04036558883061048,0.04036558883061048,1,1,extra_trees,model_comparison,1,
2024-07-02_09,1,9,43.339929213483146,43.28696787605476,-0.05296133742838549,0.05296133742838549,1,1,extra_trees,model_comparison,1,
2024-07-02_10,1,10,43.28435730337079,43.294680759315845,0.01032345594505557,0.01032345594505557,1,1,extra_trees,model_comparison,1,
2024-07-05_01,2,1,44.20857078651685,44.18411363476065,-0.024457151756202222,0.024457151756202222,2,2,extra_trees,model_comparison,1,
2024-07-05_02,2,2,44.20844943820225,44.1975189666029,-0.010930471599351677,0.010930471599351677,2,2,extra_trees,model_comparison,1,
2024-07-05_03,2,3,43.95148597898877,44.17045948412752,0.2189735051387487,0.2189735051387487,2,2,extra_trees,model_comparison,1,
2024-07-05_04,2,4,43.42695056179775,43.70367177028796,0.2767212084902084,0.2767212084902084,2,2,extra_trees,model_comparison,1,
2024-07-05_05,2,5,43.54600561797753,43.743060552397374,0.197054934419846,0.197054934419846,2,2,extra_trees,model_comparison,1,
2024-07-05_06,2,6,43.416213483146066,43.54509478246468,0.12888129931861414,0.12888129931861414,2,2,extra_trees,model_comparison,1,
2024-07-05_07,2,7,43.297787640449435,43.412414969208164,0.11462732875872916,0.11462732875872916,2,2,extra_trees,model_comparison,1,
2024-07-05_08,2,8,42.96067191011235,43.15989273271144,0.1992208225990879,0.1992208225990879,2,2,extra_trees,model_comparison,1,
2024-07-05_09,2,9,43.18773370786516,43.369925678894845,0.1821919710296811,0.1821919710296811,2,2,extra_trees,model_comparison,1,
2024-07-05_10,2,10,43.10430337078652,43.351392478110384,0.24708910732386613,0.24708910732386613,2,2,extra_trees,model_comparison,1,
2024-07-09_01,3,1,44.18354494382022,44.19113694894443,0.007592005124209322,0.007592005124209322,3,3,extra_trees,model_comparison,1,
2024-07-09_02,3,2,43.90555393258427,43.86313282220127,-0.04242111038299612,0.04242111038299612,3,3,extra_trees,model_comparison,1,
2024-07-09_03,3,3,44.266009562584266,44.057053068281135,-0.20895649430313057,0.20895649430313057,3,3,extra_trees,model_comparison,1,
2024-07-09_04,3,4,44.079486308876405,43.897366317425224,-0.18211999145118085,0.18211999145118085,3,3,extra_trees,model_comparison,1,
2024-07-09_05,3,5,43.976832691348314,43.709615216563236,-0.2672174747850775,0.2672174747850775,3,3,extra_trees,model_comparison,1,
2024-07-09_06,3,6,43.70646829337079,43.497806010039895,-0.2086622833308951,0.2086622833308951,3,3,extra_trees,model_comparison,1,
2024-07-09_07,3,7,43.58551297651686,43.40082524755599,-0.18468772896086705,0.18468772896086705,3,3,extra_trees,model_comparison,1,
2024-07-09_08,3,8,43.504297164831456,43.34255542718168,-0.16174173764977695,0.16174173764977695,3,3,extra_trees,model_comparison,1,
2024-07-09_09,3,9,43.42807412224719,43.31796025419264,-0.11011386805454748,0.11011386805454748,3,3,extra_trees,model_comparison,1,
2024-07-09_10,3,10,42.98307262797753,43.139806841869934,0.15673421389240616,0.15673421389240616,3,3,extra_trees,model_comparison,1,
2024-07-11_01,4,1,44.3063048264045,44.075793461891344,-0.23051136451315557,0.23051136451315557,4,4,extra_trees,model_comparison,1,
2024-07-11_02,4,2,44.36490342820224,44.131964547676844,-0.23293888052539558,0.23293888052539558,4,4,extra_trees,model_comparison,1,
2024-07-11_03,4,3,44.324505951348314,44.09289992751316,-0.23160602383515538,0.23160602383515538,4,4,extra_trees,model_comparison,1,
2024-07-11_04,4,4,43.99857063640449,43.911615700905614,-0.08695493549887345,0.08695493549887345,4,4,extra_trees,model_comparison,1,
2024-07-11_05,4,5,43.92957708887641,43.76433262679557,-0.16524446208083532,0.16524446208083532,4,4,extra_trees,model_comparison,1,
2024-07-11_06,4,6,43.64391731,43.46733998726158,-0.1765773227384173,0.1765773227384173,4,4,extra_trees,model_comparison,1,
2024-07-11_07,4,7,43.214110956853936,43.17452764529345,-0.03958331156048445,0.03958331156048445,4,4,extra_trees,model_comparison,1,
2024-07-11_08,4,8,43.135930337078655,43.118054009953724,-0.017876327124930924,0.017876327124930924,4,4,extra_trees,model_comparison,1,
2024-07-11_09,4,9,42.94292808988765,43.121594708092275,0.17866661820462326,0.17866661820462326,4,4,extra_trees,model_comparison,1,
2024-07-11_10,4,10,43.424028089887635,43.34024482732955,-0.08378326255808588,0.08378326255808588,4,4,extra_trees,model_comparison,1,
2024-07-19_01,5,1,44.31420112359551,44.07960562423692,-0.2345954993585906,0.2345954993585906,5,5,extra_trees,model_comparison,1,
2024-07-19_02,5,2,43.712376404494385,43.877146284109685,0.16476987961529943,0.16476987961529943,5,5,extra_trees,model_comparison,1,
2024-07-19_03,5,3,43.8585011235955,44.06048315579475,0.20198203219924693,0.20198203219924693,5,5,extra_trees,model_comparison,1,
2024-07-19_04,5,4,43.35476853932584,43.664928408065734,0.31015986873989476,0.31015986873989476,5,5,extra_trees,model_comparison,1,
2024-07-19_05,5,5,43.50141797752809,43.636500343523345,0.13508236599525247,0.13508236599525247,5,5,extra_trees,model_comparison,1,
2024-07-19_06,5,6,43.371765168539326,43.519372987515574,0.14760781897624753,0.14760781897624753,5,5,extra_trees,model_comparison,1,
2024-07-19_07,5,7,43.267224363932584,43.42148593934796,0.15426157541537577,0.15426157541537577,5,5,extra_trees,model_comparison,1,
2024-07-19_08,5,8,43.17212696629214,43.3826011832049,0.21047421691275758,0.21047421691275758,5,5,extra_trees,model_comparison,1,
2024-07-19_09,5,9,43.23376985662921,43.36851833589758,0.1347484792683744,0.1347484792683744,5,5,extra_trees,model_comparison,1,
2024-07-19_10,5,10,43.02462584269663,43.34609206684628,0.32146622414965265,0.32146622414965265,5,5,extra_trees,model_comparison,1,
2024-08-01_01,6,1,43.75222247191011,43.864721511508534,0.11249903959842555,0.11249903959842555,6,6,extra_trees,model_comparison,1,
2024-08-01_02,6,2,44.195029213483146,44.15632316560089,-0.03870604788225762,0.03870604788225762,6,6,extra_trees,model_comparison,1,
2024-08-01_03,6,3,44.066997752808994,44.08207165506783,0.015073902258833982,0.015073902258833982,6,6,extra_trees,model_comparison,1,
2024-08-01_04,6,4,43.894617977528085,43.77602043997831,-0.11859753754977476,0.11859753754977476,6,6,extra_trees,model_comparison,1,
2024-08-01_05,6,5,43.69129550561798,43.626788527974156,-0.0645069776438234,0.0645069776438234,6,6,extra_trees,model_comparison,1,
2024-08-01_06,6,6,43.23118426966292,43.39257004705276,0.16138577738983884,0.16138577738983884,6,6,extra_trees,model_comparison,1,
2024-08-01_07,6,7,42.97732808988764,43.2925340079821,0.3152059180944562,0.3152059180944562,6,6,extra_trees,model_comparison,1,
2024-08-01_08,6,8,43.32931011235955,43.42696306688981,0.09765295453026113,0.09765295453026113,6,6,extra_trees,model_comparison,1,
2024-08-01_09,6,9,43.23398539325842,43.39431779331257,0.16033240005414484,0.16033240005414484,6,6,extra_trees,model_comparison,1,
2024-08-01_10,6,10,43.203420224719096,43.38972983860051,0.18630961388141287,0.18630961388141287,6,6,extra_trees,model_comparison,1,
2024-08-05_01,7,1,43.83111460674157,44.22273934401493,0.3916247372733608,0.3916247372733608,7,7,extra_trees,model_comparison,1,
2024-08-05_02,7,2,44.11084831460675,44.21330076343457,0.1024524488278189,0.1024524488278189,7,7,extra_trees,model_comparison,1,
2024-08-05_03,7,3,43.689005617977536,43.80413287418401,0.11512725620647757,0.11512725620647757,7,7,extra_trees,model_comparison,1,
2024-08-05_04,7,4,43.76099325842696,43.81629305648968,0.055299798062719674,0.055299798062719674,7,7,extra_trees,model_comparison,1,
2024-08-05_05,7,5,43.55207865168539,43.656414852482804,0.10433620079741246,0.10433620079741246,7,7,extra_trees,model_comparison,1,
2024-08-05_06,7,6,43.370857303370784,43.46651586970249,0.0956585663317071,0.0956585663317071,7,7,extra_trees,model_comparison,1,
2024-08-07_01,8,1,43.74446306921348,43.868879374714,0.12441630550051741,0.12441630550051741,8,8,extra_trees,model_comparison,1,
2024-08-07_02,8,2,43.89617752808989,43.87930490299501,-0.01687262509488363,0.01687262509488363,8,8,extra_trees,model_comparison,1,
2024-08-07_03,8,3,43.71542808988764,43.85382128186448,0.13839319197683864,0.13839319197683864,8,8,extra_trees,model_comparison,1,
2024-08-07_04,8,4,43.83268764044944,43.9183026211,0.08561498065055417,0.08561498065055417,8,8,extra_trees,model_comparison,1,
2024-08-07_05,8,5,43.646195505617975,43.63345543588266,-0.012740069735315274,0.012740069735315274,8,8,extra_trees,model_comparison,1,
2024-08-07_06,8,6,43.50728202247191,43.51967104996722,0.01238902749530979,0.01238902749530979,8,8,extra_trees,model_comparison,1,
2024-08-07_07,8,7,43.40571685393258,43.43302820732406,0.02731135339147528,0.02731135339147528,8,8,extra_trees,model_comparison,1,
2024-08-07_08,8,8,43.69908426966292,43.53929172596041,-0.15979254370250828,0.15979254370250828,8,8,extra_trees,model_comparison,1,
2024-08-07_09,8,9,43.47381460674157,43.535755931583466,0.06194132484189652,0.06194132484189652,8,8,extra_trees,model_comparison,1,
2024-08-07_10,8,10,43.21752471910112,43.52607979603889,0.30855507693777184,0.30855507693777184,8,8,extra_trees,model_comparison,1,
2024-08-21_01,9,1,44.29168651685393,44.10116792844396,-0.19051858840997227,0.19051858840997227,9,9,extra_trees,model_comparison,1,
2024-08-21_02,9,2,44.376304494382026,44.13610711103655,-0.2401973833454747,0.2401973833454747,9,9,extra_trees,model_comparison,1,
2024-08-21_03,9,3,44.19888314606742,43.991756343480375,-0.20712680258704808,0.20712680258704808,9,9,extra_trees,model_comparison,1,
2024-08-21_04,9,4,43.97901235955056,43.8375828333738,-0.14142952617675775,0.14142952617675775,9,9,extra_trees,model_comparison,1,
2024-08-21_05,9,5,43.781948314606744,43.59443473990793,-0.18751357469881214,0.18751357469881214,9,9,extra_trees,model_comparison,1,
2024-08-21_06,9,6,43.35196179775281,43.285551805513414,-0.06640999223939303,0.06640999223939303,9,9,extra_trees,model_comparison,1,
2024-08-21_07,9,7,43.514860674157305,43.38450962308896,-0.13035105106834521,0.13035105106834521,9,9,extra_trees,model_comparison,1,
2024-08-21_08,9,8,43.43098426966292,43.34720145965494,-0.08378281000798182,0.08378281000798182,9,9,extra_trees,model_comparison,1,
2024-08-21_10,9,10,43.34042359550562,43.365698363271626,0.02527476776600679,0.02527476776600679,9,9,extra_trees,model_comparison,1,
2024-08-22_01,10,1,44.33709887640449,44.06439833999791,-0.27270053640658176,0.27270053640658176,10,10,extra_trees,model_comparison,1,
2024-08-22_02,10,2,44.01008764044944,43.81526927540245,-0.19481836504699146,0.19481836504699146,10,10,extra_trees,model_comparison,1,
2024-08-22_03,10,3,44.15319438202246,44.03744038391937,-0.11575399810309506,0.11575399810309506,10,10,extra_trees,model_comparison,1,
2024-08-22_04,10,4,43.86219509404495,43.81041862021758,-0.05177647382736694,0.05177647382736694,10,10,extra_trees,model_comparison,1,
