feature,coefficient_median,coefficient_q25,coefficient_q75,outer_folds,sign_consistency
context__wafer_order,-0.07013336312281065,-0.07103157571143615,-0.06643931278973235,10,1.0
cycle__ForeLinePressure__phase_contrast_median,-0.04272827476848025,-0.045606096430615,-0.03744892778009125,10,1.0
cycle__SourceRFReflectedPower__level_median,-0.040241020490074,-0.04235238515393833,-0.03577335133366742,10,1.0
cycle__PlatenRFTuningCapacitor__phase_contrast_median,-0.0395555441686829,-0.04219979219905965,-0.03672150202098048,10,1.0
cycle__PlatenRFTuningCapacitor__level_median,-0.038605932156913894,-0.04101004100486583,-0.03727839002199535,10,1.0
cycle__SourceRFReflectedPower__phase_contrast_median,0.038504997014991854,0.032934012508732,0.0404546131672036,10,1.0
cycle__PlatenRFPeakToPeak__level_median,-0.03706491899535305,-0.03894640817947995,-0.034351549058303,10,1.0
slow__Heater2Temp__active_median,0.0320732157070135,0.02666875431396685,0.0337855765171109,10,1.0
cycle__PlatenRFReflectedPower__late_minus_early,0.0317086375508524,0.026046858988026875,0.03442157738556693,10,1.0
timing__startup_interval_s,-0.02987983885507145,-0.03262637602342097,-0.029016160112352776,10,1.0
cycle__PlatenRFReflectedPower__level_median,0.0289614298421867,0.025636414998532774,0.0344157758101159,10,1.0
cycle__PlatenRFReflectedPower__phase_contrast_median,-0.0281212068103174,-0.03148661544141297,-0.0245006591267954,10,1.0
cycle__PlatenRFLoadCapacitor__level_median,0.0271162000275049,0.025511640069740948,0.028219794257827124,10,1.0
context__conditioning_count,0.024387321176321,0.0189461818166154,0.030465695760034925,10,1.0
cycle__SourceRFReflectedPower__phase_contrast_mad,0.0238695328438946,0.02201958080278195,0.029647946636403275,10,1.0
cycle__SourceRFLoadPower__level_median,0.023541073950801752,0.021345237358434126,0.02819569616696685,10,1.0
cycle__PlatenRFTuningCapacitor__phase_contrast_mad,0.02346307676202215,0.020887551633449547,0.02939568769539965,10,1.0
slow__Heater3Temp__active_median,-0.022461046835944652,-0.027880646002012375,-0.019517540151120574,10,1.0
cycle__Pressure__late_minus_early,0.0224444202238991,0.0179119439964154,0.025213092804050874,10,1.0
cycle__PlatenRFTuningCapacitor__late_minus_early,0.02186527420317315,0.02080692714677355,0.028115972346638075,10,1.0
cycle__SourceRFPeakToPeak__phase_contrast_median,0.021515623609376748,0.01937435572169675,0.02407476770773285,10,1.0
cycle__PlatenRFLoadCapacitor__phase_contrast_median,0.021454391464579503,0.020048503486685673,0.024809861302296697,10,1.0
cycle__PlatenRFLoadCapacitor__late_minus_early,-0.02030796622118355,-0.022750854028775674,-0.017742820977752025,10,1.0
timing__source_active_span_s,0.02030690716741345,0.019014076049979577,0.021826542301417777,10,1.0
cycle__PlatenRFLoadPower__phase_contrast_mad,0.0194574366897315,0.017309124969038477,0.020711987568109474,10,1.0
cycle__Gas4Flow__phase_contrast_mad,-0.01781685969315205,-0.02503193796705125,-0.013656080977584424,10,1.0
cycle__PlatenRFReflectedPower__phase_contrast_mad,-0.0177481301523044,-0.01918248349750515,-0.017198890280890725,10,1.0
cycle__PlatenRFPeakToPeak__phase_contrast_median,0.0162465189873679,0.015399084758321274,0.017221171728127975,10,1.0
cycle__SourceRFLoadPower__phase_contrast_median,0.01563811348501335,0.011936055537843675,0.01766454713450245,10,1.0
slow__Heater4Temp__active_median,0.014010279095133901,0.007924627138409149,0.01754029451055055,10,0.9
cycle__SourceRFPeakToPeak__phase_contrast_mad,0.01358962755416885,0.009014979721444251,0.018739443712806475,10,1.0
cycle__ForeLinePressure__phase_contrast_mad,-0.0135662525499477,-0.014720446846852675,-0.010652235053054026,10,0.8
cycle__Pressure__level_median,0.01344673898322975,0.0108487617750662,0.01674970113955295,10,1.0
cycle__Gas5Flow__phase_contrast_mad,0.013222857939876001,0.01098351909600725,0.01685800777732295,10,1.0
cycle__PlatenDcBias__level_median,0.013002847575447,0.011842313970401976,0.015525849377062452,10,1.0
cycle__Pressure__phase_contrast_mad,-0.01295577931318945,-0.01509443561192715,-0.010752136806624875,10,1.0
slow__Heater2Temp__late_minus_early,-0.012457764196439649,-0.01338723182943215,-0.00708298659815785,10,0.9
slow__Gas7Flow__late_minus_early,0.0122791811939918,0.011558253294653549,0.013104883036151224,10,1.0
cycle__SourceRFReflectedPower__late_minus_early,0.01173607600365665,0.0104419698831299,0.0160857459414108,10,1.0
slow__Gas2Flow__late_minus_early,0.01028268867773905,0.00727864200403535,0.010700377992863549,10,1.0
timing__long_duration_iqr_s,-0.010223161482267751,-0.011652118440402875,-0.00914365415530375,10,0.8
timing__extra_long_components,0.010159370099685702,0.006809532999685026,0.010975459850514499,10,0.9
cycle__Gas5Flow__phase_contrast_median,-0.0101473540457962,-0.0121640879955813,-0.004329727414446949,10,1.0
cycle__SourceRFPeakToPeak__late_minus_early,-0.009335751140876251,-0.0113039509829868,-0.008557141156254675,10,1.0
cycle__Gas5Flow__level_median,0.0089481946525021,0.005077593345572375,0.010125369305765124,10,1.0
cycle__Gas4Flow__phase_contrast_median,0.0088083591449733,0.0052843879268401,0.011171272388751749,10,0.9
timing__cycle_period_iqr_s,-0.00871085523933015,-0.01072204761707905,-0.00688898837410315,10,0.9
cycle__HeliumBPFlow__late_minus_early,0.0083779703635695,0.00541250532176185,0.010739132129695576,10,1.0
cycle__SourceRFLoadPower__phase_contrast_mad,0.0077920072996211995,0.003622692022481775,0.00892985620972125,10,1.0
cycle__PlatenRFPeakToPeak__phase_contrast_mad,0.0077550251195408,0.00569088379822165,0.0101536674620082,10,0.9
cycle__PlatenRFPeakToPeak__late_minus_early,-0.00758805124062255,-0.0145032044361142,-0.005755343850916625,10,0.9
cycle__ForeLinePressure__level_median,0.0070339579784633,-0.0023301575335001254,0.0115135824810151,10,0.7
cycle__PlatenRFLoadPower__level_median,0.0069462269481601,0.005509740158552325,0.012847997033458423,10,0.9
cycle__Gas5Flow__late_minus_early,-0.0068055219394471,-0.011009044961703799,-0.0037852261061164247,10,1.0
cycle__PlatenRFLoadCapacitor__phase_contrast_mad,0.00658262304173445,0.00293928317234785,0.008053328370178674,10,0.8
cycle__SourceRFPeakToPeak__level_median,-0.0060789947615366505,-0.008531277278467374,0.0009653756343171,10,0.6
cycle__PlatenDcBias__phase_contrast_median,-0.0055652381384469,-0.00879514146004755,-0.00333434611232915,10,1.0
cycle__HeliumBPFlow__phase_contrast_mad,0.0054438941762837,0.00343805007678255,0.00768704700460455,10,0.9
cycle__ForeLinePressure__late_minus_early,-0.00485548077686905,-0.0080180490984249,-0.0014528179645330501,10,0.8
context__conditioning_surface_si,0.004513903424603,-0.002431387587551125,0.00615539448306695,10,0.7
context__conditioning_surface_chuck,-0.0042399672614760004,-0.009129164447267975,0.00025324033914572497,10,0.7
cycle__PlatenRFLoadPower__phase_contrast_median,0.00422897841479845,0.001860201319726375,0.007611018895388025,10,0.9
cycle__Gas4Flow__level_median,-0.0038888618892716498,-0.007944661421220524,3.7061983529975036e-05,10,0.7
slow__Gas2Flow__active_median,-0.0033562415619996996,-0.00630793429495855,0.00034556095910185,10,0.6
timing__abnormal_cycle_intervals,0.0032714807982482,0.0013878704941909,0.0046848735525301,10,0.9
slow__Heater4Temp__late_minus_early,-0.0031163323376541003,-0.0051714652622075995,0.000657682932495925,10,0.7
context__conditioning_surface_sio2,0.0030638143287066997,0.000393723148975675,0.006125422776231,10,0.8
cycle__HeliumBPFlow__level_median,-0.0029677990360781003,-0.007327798929812624,0.0013740137154862001,10,0.6
timing__long_duration_median_s,-0.0029241055440866,-0.004821630154259375,0.001203972891932725,10,0.7
slow__Heater3Temp__late_minus_early,0.0026562078938746,-0.0009543421100264499,0.0038819175549090496,10,0.7
cycle__PlatenRFLoadPower__late_minus_early,-0.00261869810320895,-0.005731572694500024,-0.0006589132713618749,10,0.8
cycle__Gas4Flow__late_minus_early,-0.00227944476257835,-0.004815387673406175,0.000549003220554925,10,0.7
cycle__SourceRFLoadPower__late_minus_early,0.00174403045520965,-0.0009500221993644934,0.0043940648647501,10,0.6
cycle__PlatenDcBias__late_minus_early,0.0013734199048939999,-0.0013846056948142499,0.005184382323142726,10,0.7
cycle__HeliumBPFlow__phase_contrast_median,-0.00111563417097785,-0.00493694539506665,-0.0005597783679035251,10,0.8
cycle__Pressure__phase_contrast_median,0.00092325336044405,-0.000568853934709125,0.00479564863142005,10,0.6
timing__short_duration_median_s,0.0008063964196339701,-0.001486605442645125,0.0029855973974111253,10,0.5
cycle__PlatenDcBias__phase_contrast_mad,0.000635406567827,-0.0007452909395495751,0.005357135679220525,10,0.7
slow__Gas7Flow__active_median,0.00039013584323145,-0.0024257348175031747,0.001586004466525725,10,0.6
timing__cycle_period_median_s,0.0,0.0,0.0,10,1.0
timing__short_duration_iqr_s,0.0,0.0,0.0,10,1.0
